source,target,relationship,cidoc_property,source_document,source_locator,evidence_type,confidence,notes
measurement_radiocarbon_determination_oxa_8340,place_tomb_of_the_brick_arches,DATES_CONTEXT_AT,P4_has_time-span / P39i_was_measured_by,S4,S4 p.503,direct_measurement,1.0,
measurement_radiocarbon_determination_oxa_8341,place_tomb_of_the_brick_arches,DATES_CONTEXT_AT,P4_has_time-span / P39i_was_measured_by,S4,S4 p.503,direct_measurement,1.0,
measurement_radiocarbon_determination_oxa_8366,place_mausoleum,DATES_CONTEXT_AT,P4_has_time-span / P39i_was_measured_by,S4,S4 p.504,direct_measurement,1.0,
measurement_radiocarbon_determination_oxa_8358,place_gudit_stelae_field,DATES_CONTEXT_AT,P4_has_time-span / P39i_was_measured_by,S4,S4 p.504,direct_measurement,1.0,
measurement_radiocarbon_determination_room_2_context_su64,feature_room_2_amda_tsion_building,DATES_CONTEXT_AT,P4_has_time-span,S3,S3 p.392,direct_measurement,1.0,
measurement_radiocarbon_determination_room_4_lowest_stratum,feature_room_4_amda_tsion_building,DATES_CONTEXT_AT,P4_has_time-span,S3,S3 p.392,direct_measurement,1.0,
measurement_radiocarbon_determination_su53,feature_room_4_amda_tsion_building,DATES_CONTEXT_AT,P4_has_time-span,S3,S3 p.392,direct_measurement,1.0,
measurement_radiocarbon_determination_su54,feature_room_5_amda_tsion_building,DATES_CONTEXT_AT,P4_has_time-span,S3,S3 p.392,direct_measurement,1.0,
measurement_radiocarbon_determination_su65,feature_room_5_amda_tsion_building,DATES_CONTEXT_AT,P4_has_time-span,S3,S3 p.392,direct_measurement,1.0,
place_beta_giyorgis,place_aksum,PREDECESSOR_COMMUNITY_OF,P130_shows_features_of,S1,S1 p.30,interpretive_synthesis,0.85,"Source states the Beta Giyorgis community 'moved its centre' to the Aksum location c. early 1st century AD — an interpretive continuity claim, not a direct find."
place_seglamen_site_sg1,place_amda_tsion_area_of_sg1,PART_OF,P89_falls_within,S3,S3 p.392,direct_statement,1.0,
place_seglamen_site_sg1,place_mogareb_area_of_sg1,PART_OF,P89_falls_within,S3,S3 p.392,direct_statement,1.0,
feature_room_2_amda_tsion_building,place_amda_tsion_area_of_sg1,LOCATED_AT,P53_has_former_or_current_location,S3,S3 p.392,direct_statement,1.0,
feature_room_4_amda_tsion_building,place_amda_tsion_area_of_sg1,LOCATED_AT,P53_has_former_or_current_location,S3,S3 p.393,direct_statement,1.0,
feature_room_5_amda_tsion_building,place_amda_tsion_area_of_sg1,LOCATED_AT,P53_has_former_or_current_location,S3,S3 p.393,direct_statement,1.0,
feature_tomb_34_mogareb_trench_segxxv,place_mogareb_area_of_sg1,LOCATED_AT,P53_has_former_or_current_location,S3,S3 p.393,direct_statement,1.0,
feature_tomb_35_mogareb_trench_segxxv,place_mogareb_area_of_sg1,LOCATED_AT,P53_has_former_or_current_location,S3,S3 p.393,direct_statement,1.0,
feature_tomb_36_mogareb_trench_segxxv,place_mogareb_area_of_sg1,LOCATED_AT,P53_has_former_or_current_location,S3,S3 p.393,direct_statement,1.0,
feature_tomb_37_mogareb_trench_segxxv,place_mogareb_area_of_sg1,LOCATED_AT,P53_has_former_or_current_location,S3,S3 p.393,direct_statement,1.0,
object_sandstone_stela_tomb_34,feature_tomb_34_mogareb_trench_segxxv,ASSOCIATED_WITH,P128_carries,S3,S3 p.393,direct_statement,1.0,
object_incense_burners_tomb_34_context,feature_tomb_34_mogareb_trench_segxxv,FOUND_AT,P7_took_place_at,S3,S3 p.393,direct_statement,1.0,
object_cast_brass_disc_stela_apex_fitting,place_aksum,FOUND_AT,P7_took_place_at,S1,S1 p.30,direct_statement,0.9,Attached to a stela marking 'one of the royal tombs at Aksum' — specific tomb not named in source excerpt available.
object_ezana_s_long_inscriptions,person_king_ezana,CREATED_BY_COMMISSION_OF,P94i_was_created_by,S1,S1 p.29,interpretive_synthesis,0.9,"Source attributes the inscriptions to Ezana's reign/programme, standard convention for royal inscriptions — not a claim that the king personally inscribed the stone."
object_aksumite_coinage,person_king_ezana,BEARS_NAME_OF,P138_represents,S1,S1 p.29,direct_statement,1.0,"Coins bearing royal names, and Ezana's conversion 'also recorded on Aksumite coins.'"
place_lalibela,person_king_lalibela_zagwe,ASSOCIATED_WITH,P140i_was_attributed_by,S1,S1 p.32,interpretive_synthesis,0.8,"Source: traditional attribution to Zagwe king Lalibela's reign, but notes 'several of them had originated earlier' — flagged as a contested attribution, not settled fact."
place_aksum,person_king_ezana,RULED_BY,P14i_performed,S1,S1 p.29,direct_statement,1.0,
place_aksum,person_king_kaleb,RULED_BY,P14i_performed,S1,S1 p.29,direct_statement,1.0,
place_seglamen_site_sg1,person_luisa_sernicola,EXCAVATED_BY,P14_carried_out_by,S3,S3 p.391,direct_statement,1.0,
place_seglamen_site_sg1,person_andrea_manzo,EXCAVATED_BY,P14_carried_out_by,S3,S3 p.391,direct_statement,1.0,
place_beta_giyorgis,person_rodolfo_fattovich,EXCAVATED_BY,P14_carried_out_by,S1,S1 p.30,direct_statement,1.0,
place_beta_giyorgis,person_kathryn_bard,EXCAVATED_BY,P14_carried_out_by,S1,S1 p.30,direct_statement,1.0,
place_d_site_kidane_mehret,person_david_w_phillipson,EXCAVATED_BY,P14_carried_out_by,S4,S4 TOC p.267,direct_statement,1.0,
place_k_site_maleke_aksum,person_david_w_phillipson,EXCAVATED_BY,P14_carried_out_by,S4,S4 TOC p.381,direct_statement,1.0,
place_seglamen_site_sg1,period_pre_aksumite,DATED_TO,P4_has_time-span,S3,S3 p.392,direct_statement,1.0,
feature_room_4_amda_tsion_building,period_post_aksumite,DISTURBED_DURING,P4_has_time-span,S3,S3 p.392,direct_statement,1.0,"'Both of them were highly disturbed during post-Aksumite times, between 11th and 12th century AD.'"
place_beta_giyorgis,place_aksum,DATED_TO,P4_has_time-span,S1,S1 line 215,explicit_pattern_match,0.8,"Pattern-matched sentence: ""and Kathryn Bard at Beta Giyorgis hill near trading metropolis trading with the outside Aksum have revealed a community appar- world through..."""
place_beta_giyorgis,place_adulis,DATED_TO,P4_has_time-span,S1,S1 line 215,explicit_pattern_match,0.8,"Pattern-matched sentence: ""and Kathryn Bard at Beta Giyorgis hill near trading metropolis trading with the outside Aksum have revealed a community appar- world through..."""
place_beta_giyorgis,person_kathryn_bard,DATED_TO,P4_has_time-span,S1,S1 line 215,explicit_pattern_match,0.8,"Pattern-matched sentence: ""and Kathryn Bard at Beta Giyorgis hill near trading metropolis trading with the outside Aksum have revealed a community appar- world through..."""
place_beta_giyorgis,period_aksumite,DATED_TO,P4_has_time-span,S1,S1 line 215,explicit_pattern_match,0.8,"Pattern-matched sentence: ""and Kathryn Bard at Beta Giyorgis hill near trading metropolis trading with the outside Aksum have revealed a community appar- world through..."""
place_beta_giyorgis,object_ivory,DATED_TO,P4_has_time-span,S1,S1 line 215,explicit_pattern_match,0.8,"Pattern-matched sentence: ""and Kathryn Bard at Beta Giyorgis hill near trading metropolis trading with the outside Aksum have revealed a community appar- world through..."""
place_aksum,place_adulis,DATED_TO,P4_has_time-span,S1,S1 line 215,explicit_pattern_match,0.8,"Pattern-matched sentence: ""and Kathryn Bard at Beta Giyorgis hill near trading metropolis trading with the outside Aksum have revealed a community appar- world through..."""
place_aksum,person_kathryn_bard,DATED_TO,P4_has_time-span,S1,S1 line 215,explicit_pattern_match,0.8,"Pattern-matched sentence: ""and Kathryn Bard at Beta Giyorgis hill near trading metropolis trading with the outside Aksum have revealed a community appar- world through..."""
place_aksum,period_aksumite,DATED_TO,P4_has_time-span,S1,S1 line 215,explicit_pattern_match,0.8,"Pattern-matched sentence: ""and Kathryn Bard at Beta Giyorgis hill near trading metropolis trading with the outside Aksum have revealed a community appar- world through..."""
place_aksum,object_ivory,DATED_TO,P4_has_time-span,S1,S1 line 215,explicit_pattern_match,0.8,"Pattern-matched sentence: ""and Kathryn Bard at Beta Giyorgis hill near trading metropolis trading with the outside Aksum have revealed a community appar- world through..."""
place_adulis,person_kathryn_bard,DATED_TO,P4_has_time-span,S1,S1 line 215,explicit_pattern_match,0.8,"Pattern-matched sentence: ""and Kathryn Bard at Beta Giyorgis hill near trading metropolis trading with the outside Aksum have revealed a community appar- world through..."""
place_adulis,period_aksumite,DATED_TO,P4_has_time-span,S1,S1 line 215,explicit_pattern_match,0.8,"Pattern-matched sentence: ""and Kathryn Bard at Beta Giyorgis hill near trading metropolis trading with the outside Aksum have revealed a community appar- world through..."""
place_adulis,object_ivory,DATED_TO,P4_has_time-span,S1,S1 line 215,explicit_pattern_match,0.8,"Pattern-matched sentence: ""and Kathryn Bard at Beta Giyorgis hill near trading metropolis trading with the outside Aksum have revealed a community appar- world through..."""
person_kathryn_bard,period_aksumite,DATED_TO,P4_has_time-span,S1,S1 line 215,explicit_pattern_match,0.8,"Pattern-matched sentence: ""and Kathryn Bard at Beta Giyorgis hill near trading metropolis trading with the outside Aksum have revealed a community appar- world through..."""
person_kathryn_bard,object_ivory,DATED_TO,P4_has_time-span,S1,S1 line 215,explicit_pattern_match,0.8,"Pattern-matched sentence: ""and Kathryn Bard at Beta Giyorgis hill near trading metropolis trading with the outside Aksum have revealed a community appar- world through..."""
period_aksumite,object_ivory,DATED_TO,P4_has_time-span,S1,S1 line 215,explicit_pattern_match,0.8,"Pattern-matched sentence: ""and Kathryn Bard at Beta Giyorgis hill near trading metropolis trading with the outside Aksum have revealed a community appar- world through..."""
place_seglamen_site_sg1,place_aksum,LOCATED_AT,P53_has_former_or_current_location,S3,S3 line 78,explicit_pattern_match,0.75,"Pattern-matched sentence: ""of the “Italian contribution to the Education Sector Development Situated in the modern village of Seglamen at Programme (ESPD) - Post Gradu..."""
place_seglamen_site_sg1,period_pre_aksumite,LOCATED_AT,P53_has_former_or_current_location,S3,S3 line 78,explicit_pattern_match,0.75,"Pattern-matched sentence: ""of the “Italian contribution to the Education Sector Development Situated in the modern village of Seglamen at Programme (ESPD) - Post Gradu..."""
place_aksum,period_pre_aksumite,LOCATED_AT,P53_has_former_or_current_location,S3,S3 line 78,explicit_pattern_match,0.75,"Pattern-matched sentence: ""of the “Italian contribution to the Education Sector Development Situated in the modern village of Seglamen at Programme (ESPD) - Post Gradu..."""
place_seglamen_site_sg1,place_rock_shelter_1_megaru,LOCATED_AT,P53_has_former_or_current_location,S3,S3 line 248,explicit_pattern_match,0.75,"Pattern-matched sentence: ""site we went down along the northern slopes of the The recorded shelters are situated more or less terrace moving southwards along the Hasel..."""
place_seglamen_site_sg1,feature_tomb_31,LOCATED_AT,P53_has_former_or_current_location,S3,S3 line 262,explicit_pattern_match,0.75,"Pattern-matched sentence: ""The second one, rock shelter #2, is located at ANTHROPOLOGICAL ANALYSIS (E. Minucci) 04° 63’ 8,26” N - 15° 54’ 8,31” E, elevation 2024 m Dur..."""
place_seglamen_site_sg1,object_inscription,LOCATED_AT,P53_has_former_or_current_location,S3,S3 line 262,explicit_pattern_match,0.75,"Pattern-matched sentence: ""The second one, rock shelter #2, is located at ANTHROPOLOGICAL ANALYSIS (E. Minucci) 04° 63’ 8,26” N - 15° 54’ 8,31” E, elevation 2024 m Dur..."""
place_rock_shelter_1_megaru,feature_tomb_31,LOCATED_AT,P53_has_former_or_current_location,S3,S3 line 262,explicit_pattern_match,0.75,"Pattern-matched sentence: ""The second one, rock shelter #2, is located at ANTHROPOLOGICAL ANALYSIS (E. Minucci) 04° 63’ 8,26” N - 15° 54’ 8,31” E, elevation 2024 m Dur..."""
place_rock_shelter_1_megaru,object_inscription,LOCATED_AT,P53_has_former_or_current_location,S3,S3 line 262,explicit_pattern_match,0.75,"Pattern-matched sentence: ""The second one, rock shelter #2, is located at ANTHROPOLOGICAL ANALYSIS (E. Minucci) 04° 63’ 8,26” N - 15° 54’ 8,31” E, elevation 2024 m Dur..."""
feature_tomb_31,object_inscription,LOCATED_AT,P53_has_former_or_current_location,S3,S3 line 262,explicit_pattern_match,0.75,"Pattern-matched sentence: ""The second one, rock shelter #2, is located at ANTHROPOLOGICAL ANALYSIS (E. Minucci) 04° 63’ 8,26” N - 15° 54’ 8,31” E, elevation 2024 m Dur..."""
place_aksum,place_seglamen_site_sg1,MADE_OF,P45_consists_of,S3,S3 line 397,explicit_pattern_match,0.75,"Pattern-matched sentence: ""396 | L. Sernicola, Archaeological Expedition at Aksum… 2018 and 2019 Field Seasons: Seglamen of lower grindstones and upper stones are used..."""
place_aksum,object_iron,MADE_OF,P45_consists_of,S3,S3 line 397,explicit_pattern_match,0.75,"Pattern-matched sentence: ""396 | L. Sernicola, Archaeological Expedition at Aksum… 2018 and 2019 Field Seasons: Seglamen of lower grindstones and upper stones are used..."""
place_seglamen_site_sg1,object_iron,MADE_OF,P45_consists_of,S3,S3 line 397,explicit_pattern_match,0.75,"Pattern-matched sentence: ""396 | L. Sernicola, Archaeological Expedition at Aksum… 2018 and 2019 Field Seasons: Seglamen of lower grindstones and upper stones are used..."""
place_aksum,place_seglamen_site_sg1,LOCATED_AT,P53_has_former_or_current_location,S3,S3 line 598,explicit_pattern_match,0.75,"Pattern-matched sentence: ""404 | L. Sernicola, Archaeollogical Expedittiion at Aksum…… 2018 and 2019 Field Seasonns: Seglamen Fig. 7 - a) Grinndstone (mațhaan) and top..."""
place_beta_giyorgis,place_d_site_kidane_mehret,LOCATED_AT,P53_has_former_or_current_location,S4,S4 line 373,explicit_pattern_match,0.75,"Pattern-matched sentence: ""everyday living conditions and local economy practised The site slopes down to the south, from about 44 m by the non-elite echelons of ancie..."""
place_beta_giyorgis,person_king_kaleb,LOCATED_AT,P53_has_former_or_current_location,S4,S4 line 373,explicit_pattern_match,0.75,"Pattern-matched sentence: ""everyday living conditions and local economy practised The site slopes down to the south, from about 44 m by the non-elite echelons of ancie..."""
place_beta_giyorgis,period_aksumite,LOCATED_AT,P53_has_former_or_current_location,S4,S4 line 373,explicit_pattern_match,0.75,"Pattern-matched sentence: ""everyday living conditions and local economy practised The site slopes down to the south, from about 44 m by the non-elite echelons of ancie..."""
place_beta_giyorgis,object_inscription,LOCATED_AT,P53_has_former_or_current_location,S4,S4 line 373,explicit_pattern_match,0.75,"Pattern-matched sentence: ""everyday living conditions and local economy practised The site slopes down to the south, from about 44 m by the non-elite echelons of ancie..."""
place_d_site_kidane_mehret,person_king_kaleb,LOCATED_AT,P53_has_former_or_current_location,S4,S4 line 373,explicit_pattern_match,0.75,"Pattern-matched sentence: ""everyday living conditions and local economy practised The site slopes down to the south, from about 44 m by the non-elite echelons of ancie..."""
place_d_site_kidane_mehret,period_aksumite,LOCATED_AT,P53_has_former_or_current_location,S4,S4 line 373,explicit_pattern_match,0.75,"Pattern-matched sentence: ""everyday living conditions and local economy practised The site slopes down to the south, from about 44 m by the non-elite echelons of ancie..."""
place_d_site_kidane_mehret,object_inscription,LOCATED_AT,P53_has_former_or_current_location,S4,S4 line 373,explicit_pattern_match,0.75,"Pattern-matched sentence: ""everyday living conditions and local economy practised The site slopes down to the south, from about 44 m by the non-elite echelons of ancie..."""
person_king_kaleb,period_aksumite,LOCATED_AT,P53_has_former_or_current_location,S4,S4 line 373,explicit_pattern_match,0.75,"Pattern-matched sentence: ""everyday living conditions and local economy practised The site slopes down to the south, from about 44 m by the non-elite echelons of ancie..."""
person_king_kaleb,object_inscription,LOCATED_AT,P53_has_former_or_current_location,S4,S4 line 373,explicit_pattern_match,0.75,"Pattern-matched sentence: ""everyday living conditions and local economy practised The site slopes down to the south, from about 44 m by the non-elite echelons of ancie..."""
period_aksumite,object_inscription,LOCATED_AT,P53_has_former_or_current_location,S4,S4 line 373,explicit_pattern_match,0.75,"Pattern-matched sentence: ""everyday living conditions and local economy practised The site slopes down to the south, from about 44 m by the non-elite echelons of ancie..."""
feature_trenches,person_king_ezana,DATED_TO,P4_has_time-span,S4,S4 line 403,explicit_pattern_match,0.8,"Pattern-matched sentence: ""The underlying solid geology is granitic After a long hiatus, a more restricted area (or possibly overlain by varied clays which were expose..."""
feature_trenches,period_late_aksumite,DATED_TO,P4_has_time-span,S4,S4 line 403,explicit_pattern_match,0.8,"Pattern-matched sentence: ""The underlying solid geology is granitic After a long hiatus, a more restricted area (or possibly overlain by varied clays which were expose..."""
feature_trenches,object_pottery,DATED_TO,P4_has_time-span,S4,S4 line 403,explicit_pattern_match,0.8,"Pattern-matched sentence: ""The underlying solid geology is granitic After a long hiatus, a more restricted area (or possibly overlain by varied clays which were expose..."""
feature_trenches,object_inscription,DATED_TO,P4_has_time-span,S4,S4 line 403,explicit_pattern_match,0.8,"Pattern-matched sentence: ""The underlying solid geology is granitic After a long hiatus, a more restricted area (or possibly overlain by varied clays which were expose..."""
person_king_ezana,period_late_aksumite,DATED_TO,P4_has_time-span,S4,S4 line 403,explicit_pattern_match,0.8,"Pattern-matched sentence: ""The underlying solid geology is granitic After a long hiatus, a more restricted area (or possibly overlain by varied clays which were expose..."""
person_king_ezana,object_pottery,DATED_TO,P4_has_time-span,S4,S4 line 403,explicit_pattern_match,0.8,"Pattern-matched sentence: ""The underlying solid geology is granitic After a long hiatus, a more restricted area (or possibly overlain by varied clays which were expose..."""
person_king_ezana,object_inscription,DATED_TO,P4_has_time-span,S4,S4 line 403,explicit_pattern_match,0.8,"Pattern-matched sentence: ""The underlying solid geology is granitic After a long hiatus, a more restricted area (or possibly overlain by varied clays which were expose..."""
period_late_aksumite,object_pottery,DATED_TO,P4_has_time-span,S4,S4 line 403,explicit_pattern_match,0.8,"Pattern-matched sentence: ""The underlying solid geology is granitic After a long hiatus, a more restricted area (or possibly overlain by varied clays which were expose..."""
period_late_aksumite,object_inscription,DATED_TO,P4_has_time-span,S4,S4 line 403,explicit_pattern_match,0.8,"Pattern-matched sentence: ""The underlying solid geology is granitic After a long hiatus, a more restricted area (or possibly overlain by varied clays which were expose..."""
object_pottery,object_inscription,DATED_TO,P4_has_time-span,S4,S4 line 403,explicit_pattern_match,0.8,"Pattern-matched sentence: ""The underlying solid geology is granitic After a long hiatus, a more restricted area (or possibly overlain by varied clays which were expose..."""
place_aksum,period_late_aksumite,FOUND_AT,P7_took_place_at,S4,S4 line 773,explicit_pattern_match,0.8,"Pattern-matched sentence: ""Archaeology at Aksum fragment was found in DI9, in phase-I2 deposits cov- could be assigned to this phase. Contexts (342) and ering Late Aks..."""
feature_trench_d22,feature_trenches,MADE_OF,P45_consists_of,S4,S4 line 1160,explicit_pattern_match,0.75,"Pattern-matched sentence: ""B I I i I I ~j Fig. 252 Plan of I trench D22 in phase 3A. o'==========-----------========~3m B =Boulder may represent deliberate cuttings or..."""
feature_trench_d22,feature_room_4,MADE_OF,P45_consists_of,S4,S4 line 1160,explicit_pattern_match,0.75,"Pattern-matched sentence: ""B I I i I I ~j Fig. 252 Plan of I trench D22 in phase 3A. o'==========-----------========~3m B =Boulder may represent deliberate cuttings or..."""
feature_trenches,feature_room_4,MADE_OF,P45_consists_of,S4,S4 line 1160,explicit_pattern_match,0.75,"Pattern-matched sentence: ""B I I i I I ~j Fig. 252 Plan of I trench D22 in phase 3A. o'==========-----------========~3m B =Boulder may represent deliberate cuttings or..."""
place_tomb_of_the_brick_arches,place_d_site_kidane_mehret,FOUND_AT,P7_took_place_at,S4,S4 line 1950,explicit_pattern_match,0.8,"Pattern-matched sentence: ""Late Aksumite ceramics exhibit decreasing Censer? technological competence, firing being less controlled One tapering open-vessel rim with s..."""
place_tomb_of_the_brick_arches,place_aksum,FOUND_AT,P7_took_place_at,S4,S4 line 1950,explicit_pattern_match,0.8,"Pattern-matched sentence: ""Late Aksumite ceramics exhibit decreasing Censer? technological competence, firing being less controlled One tapering open-vessel rim with s..."""
place_tomb_of_the_brick_arches,period_late_aksumite,FOUND_AT,P7_took_place_at,S4,S4 line 1950,explicit_pattern_match,0.8,"Pattern-matched sentence: ""Late Aksumite ceramics exhibit decreasing Censer? technological competence, firing being less controlled One tapering open-vessel rim with s..."""
place_tomb_of_the_brick_arches,period_aksumite,FOUND_AT,P7_took_place_at,S4,S4 line 1950,explicit_pattern_match,0.8,"Pattern-matched sentence: ""Late Aksumite ceramics exhibit decreasing Censer? technological competence, firing being less controlled One tapering open-vessel rim with s..."""
place_tomb_of_the_brick_arches,object_ceramics,FOUND_AT,P7_took_place_at,S4,S4 line 1950,explicit_pattern_match,0.8,"Pattern-matched sentence: ""Late Aksumite ceramics exhibit decreasing Censer? technological competence, firing being less controlled One tapering open-vessel rim with s..."""
place_tomb_of_the_brick_arches,object_pottery,FOUND_AT,P7_took_place_at,S4,S4 line 1950,explicit_pattern_match,0.8,"Pattern-matched sentence: ""Late Aksumite ceramics exhibit decreasing Censer? technological competence, firing being less controlled One tapering open-vessel rim with s..."""
place_d_site_kidane_mehret,place_aksum,FOUND_AT,P7_took_place_at,S4,S4 line 1950,explicit_pattern_match,0.8,"Pattern-matched sentence: ""Late Aksumite ceramics exhibit decreasing Censer? technological competence, firing being less controlled One tapering open-vessel rim with s..."""
place_d_site_kidane_mehret,period_late_aksumite,FOUND_AT,P7_took_place_at,S4,S4 line 1950,explicit_pattern_match,0.8,"Pattern-matched sentence: ""Late Aksumite ceramics exhibit decreasing Censer? technological competence, firing being less controlled One tapering open-vessel rim with s..."""
place_d_site_kidane_mehret,period_aksumite,FOUND_AT,P7_took_place_at,S4,S4 line 1950,explicit_pattern_match,0.8,"Pattern-matched sentence: ""Late Aksumite ceramics exhibit decreasing Censer? technological competence, firing being less controlled One tapering open-vessel rim with s..."""
place_d_site_kidane_mehret,object_ceramics,FOUND_AT,P7_took_place_at,S4,S4 line 1950,explicit_pattern_match,0.8,"Pattern-matched sentence: ""Late Aksumite ceramics exhibit decreasing Censer? technological competence, firing being less controlled One tapering open-vessel rim with s..."""
place_d_site_kidane_mehret,object_pottery,FOUND_AT,P7_took_place_at,S4,S4 line 1950,explicit_pattern_match,0.8,"Pattern-matched sentence: ""Late Aksumite ceramics exhibit decreasing Censer? technological competence, firing being less controlled One tapering open-vessel rim with s..."""
place_aksum,period_aksumite,FOUND_AT,P7_took_place_at,S4,S4 line 1950,explicit_pattern_match,0.8,"Pattern-matched sentence: ""Late Aksumite ceramics exhibit decreasing Censer? technological competence, firing being less controlled One tapering open-vessel rim with s..."""
place_aksum,object_ceramics,FOUND_AT,P7_took_place_at,S4,S4 line 1950,explicit_pattern_match,0.8,"Pattern-matched sentence: ""Late Aksumite ceramics exhibit decreasing Censer? technological competence, firing being less controlled One tapering open-vessel rim with s..."""
place_aksum,object_pottery,FOUND_AT,P7_took_place_at,S4,S4 line 1950,explicit_pattern_match,0.8,"Pattern-matched sentence: ""Late Aksumite ceramics exhibit decreasing Censer? technological competence, firing being less controlled One tapering open-vessel rim with s..."""
period_late_aksumite,period_aksumite,FOUND_AT,P7_took_place_at,S4,S4 line 1950,explicit_pattern_match,0.8,"Pattern-matched sentence: ""Late Aksumite ceramics exhibit decreasing Censer? technological competence, firing being less controlled One tapering open-vessel rim with s..."""
period_late_aksumite,object_ceramics,FOUND_AT,P7_took_place_at,S4,S4 line 1950,explicit_pattern_match,0.8,"Pattern-matched sentence: ""Late Aksumite ceramics exhibit decreasing Censer? technological competence, firing being less controlled One tapering open-vessel rim with s..."""
period_late_aksumite,object_pottery,FOUND_AT,P7_took_place_at,S4,S4 line 1950,explicit_pattern_match,0.8,"Pattern-matched sentence: ""Late Aksumite ceramics exhibit decreasing Censer? technological competence, firing being less controlled One tapering open-vessel rim with s..."""
period_aksumite,object_ceramics,FOUND_AT,P7_took_place_at,S4,S4 line 1950,explicit_pattern_match,0.8,"Pattern-matched sentence: ""Late Aksumite ceramics exhibit decreasing Censer? technological competence, firing being less controlled One tapering open-vessel rim with s..."""
period_aksumite,object_pottery,FOUND_AT,P7_took_place_at,S4,S4 line 1950,explicit_pattern_match,0.8,"Pattern-matched sentence: ""Late Aksumite ceramics exhibit decreasing Censer? technological competence, firing being less controlled One tapering open-vessel rim with s..."""
object_ceramics,object_pottery,FOUND_AT,P7_took_place_at,S4,S4 line 1950,explicit_pattern_match,0.8,"Pattern-matched sentence: ""Late Aksumite ceramics exhibit decreasing Censer? technological competence, firing being less controlled One tapering open-vessel rim with s..."""
place_d_site_kidane_mehret,place_tomb_of_the_brick_arches,FOUND_AT,P7_took_place_at,S4,S4 line 2121,explicit_pattern_match,0.8,"Pattern-matched sentence: ""ing, mixing and serving food. They are usually poorly Seven examples from phases 10 and 11 could be refired in a reduced atmosphere, resulti..."""
period_late_aksumite,period_pre_aksumite,FOUND_AT,P7_took_place_at,S4,S4 line 2317,explicit_pattern_match,0.8,"Pattern-matched sentence: ""A pot (Fig. 279b) from an interior floor of phase 10, with apparently globular body, sloping Lids shoulder and short square everted rim, has..."""
place_d_site_kidane_mehret,place_k_site_maleke_aksum,FOUND_AT,P7_took_place_at,S4,S4 line 2374,explicit_pattern_match,0.8,"Pattern-matched sentence: ""African Red Slip (ARS) ware: Although these vessels clearly influenced Aksumite ceramic styles, very few imported examples were recovered. T..."""
place_d_site_kidane_mehret,feature_trenches,FOUND_AT,P7_took_place_at,S4,S4 line 2374,explicit_pattern_match,0.8,"Pattern-matched sentence: ""African Red Slip (ARS) ware: Although these vessels clearly influenced Aksumite ceramic styles, very few imported examples were recovered. T..."""
place_k_site_maleke_aksum,place_aksum,FOUND_AT,P7_took_place_at,S4,S4 line 2374,explicit_pattern_match,0.8,"Pattern-matched sentence: ""African Red Slip (ARS) ware: Although these vessels clearly influenced Aksumite ceramic styles, very few imported examples were recovered. T..."""
place_k_site_maleke_aksum,feature_trenches,FOUND_AT,P7_took_place_at,S4,S4 line 2374,explicit_pattern_match,0.8,"Pattern-matched sentence: ""African Red Slip (ARS) ware: Although these vessels clearly influenced Aksumite ceramic styles, very few imported examples were recovered. T..."""
place_k_site_maleke_aksum,period_aksumite,FOUND_AT,P7_took_place_at,S4,S4 line 2374,explicit_pattern_match,0.8,"Pattern-matched sentence: ""African Red Slip (ARS) ware: Although these vessels clearly influenced Aksumite ceramic styles, very few imported examples were recovered. T..."""
place_aksum,feature_trenches,FOUND_AT,P7_took_place_at,S4,S4 line 2374,explicit_pattern_match,0.8,"Pattern-matched sentence: ""African Red Slip (ARS) ware: Although these vessels clearly influenced Aksumite ceramic styles, very few imported examples were recovered. T..."""
feature_trenches,period_aksumite,FOUND_AT,P7_took_place_at,S4,S4 line 2374,explicit_pattern_match,0.8,"Pattern-matched sentence: ""African Red Slip (ARS) ware: Although these vessels clearly influenced Aksumite ceramic styles, very few imported examples were recovered. T..."""
place_aksum,place_k_site_maleke_aksum,FOUND_AT,P7_took_place_at,S4,S4 line 2401,explicit_pattern_match,0.8,"Pattern-matched sentence: ""Sassanian-Islamic ware, and it is here called Sassanian by Fig. 283j, has a strongly exterior-thickened overblue-green glazed to avoid any i..."""
place_k_site_maleke_aksum,period_late_aksumite,FOUND_AT,P7_took_place_at,S4,S4 line 2401,explicit_pattern_match,0.8,"Pattern-matched sentence: ""Sassanian-Islamic ware, and it is here called Sassanian by Fig. 283j, has a strongly exterior-thickened overblue-green glazed to avoid any i..."""
place_d_site_kidane_mehret,period_classical_aksumite,FOUND_AT,P7_took_place_at,S4,S4 line 2531,explicit_pattern_match,0.8,"Pattern-matched sentence: ""and 455-8, below). While no evidence for occupation 287e) indicates that it is coil-made like Pre-and Protoof D site during these periods wa..."""
period_aksumite,period_classical_aksumite,FOUND_AT,P7_took_place_at,S4,S4 line 2531,explicit_pattern_match,0.8,"Pattern-matched sentence: ""and 455-8, below). While no evidence for occupation 287e) indicates that it is coil-made like Pre-and Protoof D site during these periods wa..."""
period_aksumite,period_late_aksumite,FOUND_AT,P7_took_place_at,S4,S4 line 2531,explicit_pattern_match,0.8,"Pattern-matched sentence: ""and 455-8, below). While no evidence for occupation 287e) indicates that it is coil-made like Pre-and Protoof D site during these periods wa..."""
period_classical_aksumite,period_late_aksumite,FOUND_AT,P7_took_place_at,S4,S4 line 2531,explicit_pattern_match,0.8,"Pattern-matched sentence: ""and 455-8, below). While no evidence for occupation 287e) indicates that it is coil-made like Pre-and Protoof D site during these periods wa..."""
place_tomb_of_the_brick_arches,period_classical_aksumite,FOUND_AT,P7_took_place_at,S4,S4 line 2584,explicit_pattern_match,0.8,"Pattern-matched sentence: ""have the more common patterns PJ to [3], and a band of alternating corrugation and infilled diamonds not found in the Tomb of the Brick Arch..."""
place_tomb_of_the_brick_arches,period_pre_aksumite,FOUND_AT,P7_took_place_at,S4,S4 line 2584,explicit_pattern_match,0.8,"Pattern-matched sentence: ""have the more common patterns PJ to [3], and a band of alternating corrugation and infilled diamonds not found in the Tomb of the Brick Arch..."""
period_late_aksumite,period_classical_aksumite,FOUND_AT,P7_took_place_at,S4,S4 line 2584,explicit_pattern_match,0.8,"Pattern-matched sentence: ""have the more common patterns PJ to [3], and a band of alternating corrugation and infilled diamonds not found in the Tomb of the Brick Arch..."""
period_classical_aksumite,period_pre_aksumite,FOUND_AT,P7_took_place_at,S4,S4 line 2584,explicit_pattern_match,0.8,"Pattern-matched sentence: ""have the more common patterns PJ to [3], and a band of alternating corrugation and infilled diamonds not found in the Tomb of the Brick Arch..."""
period_classical_aksumite,period_aksumite,FOUND_AT,P7_took_place_at,S4,S4 line 2584,explicit_pattern_match,0.8,"Pattern-matched sentence: ""have the more common patterns PJ to [3], and a band of alternating corrugation and infilled diamonds not found in the Tomb of the Brick Arch..."""
period_pre_aksumite,period_aksumite,FOUND_AT,P7_took_place_at,S4,S4 line 2584,explicit_pattern_match,0.8,"Pattern-matched sentence: ""have the more common patterns PJ to [3], and a band of alternating corrugation and infilled diamonds not found in the Tomb of the Brick Arch..."""
place_d_site_kidane_mehret,object_glass,MADE_OF,P45_consists_of,S4,S4 line 2853,explicit_pattern_match,0.75,"Pattern-matched sentence: ""D Site at Kidane Mehret Ear-stud: A small object of button mushroom a U-shaped cup and the latter, of colourless glass with shape is interpr..."""
period_late_aksumite,object_glass,MADE_OF,P45_consists_of,S4,S4 line 2924,explicit_pattern_match,0.75,"Pattern-matched sentence: ""Bicones: Three of the hexagonally faceted bicones 296j. From a subsequent phase of the Late Aksumite (Morrison's type Ilc, Munro-Hay 1989: 1..."""
object_glass,object_beads,MADE_OF,P45_consists_of,S4,S4 line 2931,explicit_pattern_match,0.75,"Pattern-matched sentence: ""dark translucent turquoise glass. A tetragonally faceted Oblates: Oblate beads show a range of sizes and feabicone of translucent dark blue ..."""
place_aksum,place_d_site_kidane_mehret,FOUND_AT,P7_took_place_at,S4,S4 line 2997,explicit_pattern_match,0.8,"Pattern-matched sentence: ""Archaeology at Aksum Triangular bead: A very large (34 mm across by Coins 12 mm thick) bead or weight of pale red-purple stone A total of th..."""
place_aksum,object_coins,FOUND_AT,P7_took_place_at,S4,S4 line 2997,explicit_pattern_match,0.8,"Pattern-matched sentence: ""Archaeology at Aksum Triangular bead: A very large (34 mm across by Coins 12 mm thick) bead or weight of pale red-purple stone A total of th..."""
place_aksum,object_beads,FOUND_AT,P7_took_place_at,S4,S4 line 2997,explicit_pattern_match,0.8,"Pattern-matched sentence: ""Archaeology at Aksum Triangular bead: A very large (34 mm across by Coins 12 mm thick) bead or weight of pale red-purple stone A total of th..."""
place_d_site_kidane_mehret,object_coins,FOUND_AT,P7_took_place_at,S4,S4 line 2997,explicit_pattern_match,0.8,"Pattern-matched sentence: ""Archaeology at Aksum Triangular bead: A very large (34 mm across by Coins 12 mm thick) bead or weight of pale red-purple stone A total of th..."""
place_d_site_kidane_mehret,object_beads,FOUND_AT,P7_took_place_at,S4,S4 line 2997,explicit_pattern_match,0.8,"Pattern-matched sentence: ""Archaeology at Aksum Triangular bead: A very large (34 mm across by Coins 12 mm thick) bead or weight of pale red-purple stone A total of th..."""
period_aksumite,object_coins,FOUND_AT,P7_took_place_at,S4,S4 line 2997,explicit_pattern_match,0.8,"Pattern-matched sentence: ""Archaeology at Aksum Triangular bead: A very large (34 mm across by Coins 12 mm thick) bead or weight of pale red-purple stone A total of th..."""
period_aksumite,object_beads,FOUND_AT,P7_took_place_at,S4,S4 line 2997,explicit_pattern_match,0.8,"Pattern-matched sentence: ""Archaeology at Aksum Triangular bead: A very large (34 mm across by Coins 12 mm thick) bead or weight of pale red-purple stone A total of th..."""
object_coins,object_beads,FOUND_AT,P7_took_place_at,S4,S4 line 2997,explicit_pattern_match,0.8,"Pattern-matched sentence: ""Archaeology at Aksum Triangular bead: A very large (34 mm across by Coins 12 mm thick) bead or weight of pale red-purple stone A total of th..."""
person_ioel,person_hataz,FOUND_AT,P7_took_place_at,S4,S4 line 3004,explicit_pattern_match,0.8,"Pattern-matched sentence: ""unperforated barrel-shaped object (Fig. 2960), of po- Late Aksurnite deposits yielded the following lished creamy white marble veined with r..."""
person_ioel,period_pre_aksumite,FOUND_AT,P7_took_place_at,S4,S4 line 3004,explicit_pattern_match,0.8,"Pattern-matched sentence: ""unperforated barrel-shaped object (Fig. 2960), of po- Late Aksurnite deposits yielded the following lished creamy white marble veined with r..."""
person_ioel,object_coins,FOUND_AT,P7_took_place_at,S4,S4 line 3004,explicit_pattern_match,0.8,"Pattern-matched sentence: ""unperforated barrel-shaped object (Fig. 2960), of po- Late Aksurnite deposits yielded the following lished creamy white marble veined with r..."""
person_hataz,period_pre_aksumite,FOUND_AT,P7_took_place_at,S4,S4 line 3004,explicit_pattern_match,0.8,"Pattern-matched sentence: ""unperforated barrel-shaped object (Fig. 2960), of po- Late Aksurnite deposits yielded the following lished creamy white marble veined with r..."""
person_hataz,object_coins,FOUND_AT,P7_took_place_at,S4,S4 line 3004,explicit_pattern_match,0.8,"Pattern-matched sentence: ""unperforated barrel-shaped object (Fig. 2960), of po- Late Aksurnite deposits yielded the following lished creamy white marble veined with r..."""
period_pre_aksumite,object_coins,FOUND_AT,P7_took_place_at,S4,S4 line 3004,explicit_pattern_match,0.8,"Pattern-matched sentence: ""unperforated barrel-shaped object (Fig. 2960), of po- Late Aksurnite deposits yielded the following lished creamy white marble veined with r..."""
place_d_site_kidane_mehret,period_aksumite,MADE_OF,P45_consists_of,S4,S4 line 3051,explicit_pattern_match,0.75,"Pattern-matched sentence: ""D Site at Kidane Mehret Gold Rods: The remaining four specimens are all roundTwo tiny fragments of foil were recovered from Late sectioned r..."""
place_d_site_kidane_mehret,object_gold,MADE_OF,P45_consists_of,S4,S4 line 3051,explicit_pattern_match,0.75,"Pattern-matched sentence: ""D Site at Kidane Mehret Gold Rods: The remaining four specimens are all roundTwo tiny fragments of foil were recovered from Late sectioned r..."""
period_aksumite,object_gold,MADE_OF,P45_consists_of,S4,S4 line 3051,explicit_pattern_match,0.75,"Pattern-matched sentence: ""D Site at Kidane Mehret Gold Rods: The remaining four specimens are all roundTwo tiny fragments of foil were recovered from Late sectioned r..."""
place_aksum,object_beads,MADE_OF,P45_consists_of,S4,S4 line 3098,explicit_pattern_match,0.75,"Pattern-matched sentence: ""Archaeology at Aksum Pin: This 158-mm-long specimen has a twisted Beads: Two are made of bent strip, 3 mm wide, square-sectioned shank, beco..."""
period_post_aksumite,object_stelae,FOUND_AT,P7_took_place_at,S4,S4 line 3298,explicit_pattern_match,0.8,"Pattern-matched sentence: ""The fine carving resembles the representation of win- of one flat face displays no evidence for subsequent dows on the multi-storeyed stelae..."""
place_d_site_kidane_mehret,period_late_aksumite,MADE_OF,P45_consists_of,S4,S4 line 3376,explicit_pattern_match,0.75,"Pattern-matched sentence: ""Lastly, a much smaller seal is made of very similar creamy-buff stone, finely shaped as a truncated pyramid with rounded edges, both top and..."""
place_d_site_kidane_mehret,object_inscription,MADE_OF,P45_consists_of,S4,S4 line 3376,explicit_pattern_match,0.75,"Pattern-matched sentence: ""Lastly, a much smaller seal is made of very similar creamy-buff stone, finely shaped as a truncated pyramid with rounded edges, both top and..."""
period_late_aksumite,object_inscription,MADE_OF,P45_consists_of,S4,S4 line 3376,explicit_pattern_match,0.75,"Pattern-matched sentence: ""Lastly, a much smaller seal is made of very similar creamy-buff stone, finely shaped as a truncated pyramid with rounded edges, both top and..."""
place_d_site_kidane_mehret,period_pre_aksumite,FOUND_AT,P7_took_place_at,S4,S4 line 3548,explicit_pattern_match,0.8,"Pattern-matched sentence: ""ably mass-produced elsewhere and used and resharpened Another point to be noted concerning the preat D site. This observation correlates wel..."""
place_aksum,period_pre_aksumite,FOUND_AT,P7_took_place_at,S4,S4 line 3548,explicit_pattern_match,0.8,"Pattern-matched sentence: ""ably mass-produced elsewhere and used and resharpened Another point to be noted concerning the preat D site. This observation correlates wel..."""
period_late_aksumite,object_ivory,FOUND_AT,P7_took_place_at,S4,S4 line 3762,explicit_pattern_match,0.8,"Pattern-matched sentence: ""tured that this work was done by children or young The bones from D 19 include four deciduous adults with keen eyesight whose fingers had no..."""
place_d_site_kidane_mehret,place_aksum,DATED_TO,P4_has_time-span,S4,S4 line 4528,explicit_pattern_match,0.8,"Pattern-matched sentence: ""D Site at Kidane Mehret the sixth and seventh centuries. Its end appears to have example from the unstratified topsoil. Copper coins of been..."""
place_d_site_kidane_mehret,person_armah,DATED_TO,P4_has_time-span,S4,S4 line 4528,explicit_pattern_match,0.8,"Pattern-matched sentence: ""D Site at Kidane Mehret the sixth and seventh centuries. Its end appears to have example from the unstratified topsoil. Copper coins of been..."""
place_d_site_kidane_mehret,person_ioel,DATED_TO,P4_has_time-span,S4,S4 line 4528,explicit_pattern_match,0.8,"Pattern-matched sentence: ""D Site at Kidane Mehret the sixth and seventh centuries. Its end appears to have example from the unstratified topsoil. Copper coins of been..."""
place_d_site_kidane_mehret,person_hataz,DATED_TO,P4_has_time-span,S4,S4 line 4528,explicit_pattern_match,0.8,"Pattern-matched sentence: ""D Site at Kidane Mehret the sixth and seventh centuries. Its end appears to have example from the unstratified topsoil. Copper coins of been..."""
place_d_site_kidane_mehret,person_gersem,DATED_TO,P4_has_time-span,S4,S4 line 4528,explicit_pattern_match,0.8,"Pattern-matched sentence: ""D Site at Kidane Mehret the sixth and seventh centuries. Its end appears to have example from the unstratified topsoil. Copper coins of been..."""
place_d_site_kidane_mehret,period_aksumite,DATED_TO,P4_has_time-span,S4,S4 line 4528,explicit_pattern_match,0.8,"Pattern-matched sentence: ""D Site at Kidane Mehret the sixth and seventh centuries. Its end appears to have example from the unstratified topsoil. Copper coins of been..."""
place_d_site_kidane_mehret,period_late_aksumite,DATED_TO,P4_has_time-span,S4,S4 line 4528,explicit_pattern_match,0.8,"Pattern-matched sentence: ""D Site at Kidane Mehret the sixth and seventh centuries. Its end appears to have example from the unstratified topsoil. Copper coins of been..."""
place_d_site_kidane_mehret,object_coins,DATED_TO,P4_has_time-span,S4,S4 line 4528,explicit_pattern_match,0.8,"Pattern-matched sentence: ""D Site at Kidane Mehret the sixth and seventh centuries. Its end appears to have example from the unstratified topsoil. Copper coins of been..."""
place_aksum,person_armah,DATED_TO,P4_has_time-span,S4,S4 line 4528,explicit_pattern_match,0.8,"Pattern-matched sentence: ""D Site at Kidane Mehret the sixth and seventh centuries. Its end appears to have example from the unstratified topsoil. Copper coins of been..."""
place_aksum,person_ioel,DATED_TO,P4_has_time-span,S4,S4 line 4528,explicit_pattern_match,0.8,"Pattern-matched sentence: ""D Site at Kidane Mehret the sixth and seventh centuries. Its end appears to have example from the unstratified topsoil. Copper coins of been..."""
place_aksum,person_hataz,DATED_TO,P4_has_time-span,S4,S4 line 4528,explicit_pattern_match,0.8,"Pattern-matched sentence: ""D Site at Kidane Mehret the sixth and seventh centuries. Its end appears to have example from the unstratified topsoil. Copper coins of been..."""
place_aksum,person_gersem,DATED_TO,P4_has_time-span,S4,S4 line 4528,explicit_pattern_match,0.8,"Pattern-matched sentence: ""D Site at Kidane Mehret the sixth and seventh centuries. Its end appears to have example from the unstratified topsoil. Copper coins of been..."""
place_aksum,period_late_aksumite,DATED_TO,P4_has_time-span,S4,S4 line 4528,explicit_pattern_match,0.8,"Pattern-matched sentence: ""D Site at Kidane Mehret the sixth and seventh centuries. Its end appears to have example from the unstratified topsoil. Copper coins of been..."""
place_aksum,object_coins,DATED_TO,P4_has_time-span,S4,S4 line 4528,explicit_pattern_match,0.8,"Pattern-matched sentence: ""D Site at Kidane Mehret the sixth and seventh centuries. Its end appears to have example from the unstratified topsoil. Copper coins of been..."""
person_armah,person_ioel,DATED_TO,P4_has_time-span,S4,S4 line 4528,explicit_pattern_match,0.8,"Pattern-matched sentence: ""D Site at Kidane Mehret the sixth and seventh centuries. Its end appears to have example from the unstratified topsoil. Copper coins of been..."""
person_armah,person_hataz,DATED_TO,P4_has_time-span,S4,S4 line 4528,explicit_pattern_match,0.8,"Pattern-matched sentence: ""D Site at Kidane Mehret the sixth and seventh centuries. Its end appears to have example from the unstratified topsoil. Copper coins of been..."""
person_armah,person_gersem,DATED_TO,P4_has_time-span,S4,S4 line 4528,explicit_pattern_match,0.8,"Pattern-matched sentence: ""D Site at Kidane Mehret the sixth and seventh centuries. Its end appears to have example from the unstratified topsoil. Copper coins of been..."""
person_armah,period_aksumite,DATED_TO,P4_has_time-span,S4,S4 line 4528,explicit_pattern_match,0.8,"Pattern-matched sentence: ""D Site at Kidane Mehret the sixth and seventh centuries. Its end appears to have example from the unstratified topsoil. Copper coins of been..."""
person_armah,period_late_aksumite,DATED_TO,P4_has_time-span,S4,S4 line 4528,explicit_pattern_match,0.8,"Pattern-matched sentence: ""D Site at Kidane Mehret the sixth and seventh centuries. Its end appears to have example from the unstratified topsoil. Copper coins of been..."""
person_armah,object_coins,DATED_TO,P4_has_time-span,S4,S4 line 4528,explicit_pattern_match,0.8,"Pattern-matched sentence: ""D Site at Kidane Mehret the sixth and seventh centuries. Its end appears to have example from the unstratified topsoil. Copper coins of been..."""
person_ioel,person_hataz,DATED_TO,P4_has_time-span,S4,S4 line 4528,explicit_pattern_match,0.8,"Pattern-matched sentence: ""D Site at Kidane Mehret the sixth and seventh centuries. Its end appears to have example from the unstratified topsoil. Copper coins of been..."""
person_ioel,person_gersem,DATED_TO,P4_has_time-span,S4,S4 line 4528,explicit_pattern_match,0.8,"Pattern-matched sentence: ""D Site at Kidane Mehret the sixth and seventh centuries. Its end appears to have example from the unstratified topsoil. Copper coins of been..."""
person_ioel,period_aksumite,DATED_TO,P4_has_time-span,S4,S4 line 4528,explicit_pattern_match,0.8,"Pattern-matched sentence: ""D Site at Kidane Mehret the sixth and seventh centuries. Its end appears to have example from the unstratified topsoil. Copper coins of been..."""
person_ioel,period_late_aksumite,DATED_TO,P4_has_time-span,S4,S4 line 4528,explicit_pattern_match,0.8,"Pattern-matched sentence: ""D Site at Kidane Mehret the sixth and seventh centuries. Its end appears to have example from the unstratified topsoil. Copper coins of been..."""
person_ioel,object_coins,DATED_TO,P4_has_time-span,S4,S4 line 4528,explicit_pattern_match,0.8,"Pattern-matched sentence: ""D Site at Kidane Mehret the sixth and seventh centuries. Its end appears to have example from the unstratified topsoil. Copper coins of been..."""
person_hataz,person_gersem,DATED_TO,P4_has_time-span,S4,S4 line 4528,explicit_pattern_match,0.8,"Pattern-matched sentence: ""D Site at Kidane Mehret the sixth and seventh centuries. Its end appears to have example from the unstratified topsoil. Copper coins of been..."""
person_hataz,period_aksumite,DATED_TO,P4_has_time-span,S4,S4 line 4528,explicit_pattern_match,0.8,"Pattern-matched sentence: ""D Site at Kidane Mehret the sixth and seventh centuries. Its end appears to have example from the unstratified topsoil. Copper coins of been..."""
person_hataz,period_late_aksumite,DATED_TO,P4_has_time-span,S4,S4 line 4528,explicit_pattern_match,0.8,"Pattern-matched sentence: ""D Site at Kidane Mehret the sixth and seventh centuries. Its end appears to have example from the unstratified topsoil. Copper coins of been..."""
person_hataz,object_coins,DATED_TO,P4_has_time-span,S4,S4 line 4528,explicit_pattern_match,0.8,"Pattern-matched sentence: ""D Site at Kidane Mehret the sixth and seventh centuries. Its end appears to have example from the unstratified topsoil. Copper coins of been..."""
person_gersem,period_aksumite,DATED_TO,P4_has_time-span,S4,S4 line 4528,explicit_pattern_match,0.8,"Pattern-matched sentence: ""D Site at Kidane Mehret the sixth and seventh centuries. Its end appears to have example from the unstratified topsoil. Copper coins of been..."""
person_gersem,period_late_aksumite,DATED_TO,P4_has_time-span,S4,S4 line 4528,explicit_pattern_match,0.8,"Pattern-matched sentence: ""D Site at Kidane Mehret the sixth and seventh centuries. Its end appears to have example from the unstratified topsoil. Copper coins of been..."""
person_gersem,object_coins,DATED_TO,P4_has_time-span,S4,S4 line 4528,explicit_pattern_match,0.8,"Pattern-matched sentence: ""D Site at Kidane Mehret the sixth and seventh centuries. Its end appears to have example from the unstratified topsoil. Copper coins of been..."""
period_aksumite,period_late_aksumite,DATED_TO,P4_has_time-span,S4,S4 line 4528,explicit_pattern_match,0.8,"Pattern-matched sentence: ""D Site at Kidane Mehret the sixth and seventh centuries. Its end appears to have example from the unstratified topsoil. Copper coins of been..."""
period_aksumite,object_coins,DATED_TO,P4_has_time-span,S4,S4 line 4528,explicit_pattern_match,0.8,"Pattern-matched sentence: ""D Site at Kidane Mehret the sixth and seventh centuries. Its end appears to have example from the unstratified topsoil. Copper coins of been..."""
period_late_aksumite,object_coins,DATED_TO,P4_has_time-span,S4,S4 line 4528,explicit_pattern_match,0.8,"Pattern-matched sentence: ""D Site at Kidane Mehret the sixth and seventh centuries. Its end appears to have example from the unstratified topsoil. Copper coins of been..."""
feature_trenches,feature_trench_late,DATED_TO,P4_has_time-span,S4,S4 line 4621,explicit_pattern_match,0.8,"Pattern-matched sentence: ""-·-·-Grldtoruf.aeoolllctlon hardened by heat, occupied the northwestem part of the The K2 trenches trench at an average depth of 0.8 m, boun..."""
feature_trenches,period_post_aksumite,DATED_TO,P4_has_time-span,S4,S4 line 4621,explicit_pattern_match,0.8,"Pattern-matched sentence: ""-·-·-Grldtoruf.aeoolllctlon hardened by heat, occupied the northwestem part of the The K2 trenches trench at an average depth of 0.8 m, boun..."""
feature_trenches,period_classical_aksumite,DATED_TO,P4_has_time-span,S4,S4 line 4621,explicit_pattern_match,0.8,"Pattern-matched sentence: ""-·-·-Grldtoruf.aeoolllctlon hardened by heat, occupied the northwestem part of the The K2 trenches trench at an average depth of 0.8 m, boun..."""
feature_trenches,object_glass,DATED_TO,P4_has_time-span,S4,S4 line 4621,explicit_pattern_match,0.8,"Pattern-matched sentence: ""-·-·-Grldtoruf.aeoolllctlon hardened by heat, occupied the northwestem part of the The K2 trenches trench at an average depth of 0.8 m, boun..."""
feature_trench_late,period_post_aksumite,DATED_TO,P4_has_time-span,S4,S4 line 4621,explicit_pattern_match,0.8,"Pattern-matched sentence: ""-·-·-Grldtoruf.aeoolllctlon hardened by heat, occupied the northwestem part of the The K2 trenches trench at an average depth of 0.8 m, boun..."""
feature_trench_late,period_classical_aksumite,DATED_TO,P4_has_time-span,S4,S4 line 4621,explicit_pattern_match,0.8,"Pattern-matched sentence: ""-·-·-Grldtoruf.aeoolllctlon hardened by heat, occupied the northwestem part of the The K2 trenches trench at an average depth of 0.8 m, boun..."""
feature_trench_late,object_pottery,DATED_TO,P4_has_time-span,S4,S4 line 4621,explicit_pattern_match,0.8,"Pattern-matched sentence: ""-·-·-Grldtoruf.aeoolllctlon hardened by heat, occupied the northwestem part of the The K2 trenches trench at an average depth of 0.8 m, boun..."""
feature_trench_late,object_glass,DATED_TO,P4_has_time-span,S4,S4 line 4621,explicit_pattern_match,0.8,"Pattern-matched sentence: ""-·-·-Grldtoruf.aeoolllctlon hardened by heat, occupied the northwestem part of the The K2 trenches trench at an average depth of 0.8 m, boun..."""
period_post_aksumite,period_classical_aksumite,DATED_TO,P4_has_time-span,S4,S4 line 4621,explicit_pattern_match,0.8,"Pattern-matched sentence: ""-·-·-Grldtoruf.aeoolllctlon hardened by heat, occupied the northwestem part of the The K2 trenches trench at an average depth of 0.8 m, boun..."""
period_post_aksumite,object_pottery,DATED_TO,P4_has_time-span,S4,S4 line 4621,explicit_pattern_match,0.8,"Pattern-matched sentence: ""-·-·-Grldtoruf.aeoolllctlon hardened by heat, occupied the northwestem part of the The K2 trenches trench at an average depth of 0.8 m, boun..."""
period_post_aksumite,object_glass,DATED_TO,P4_has_time-span,S4,S4 line 4621,explicit_pattern_match,0.8,"Pattern-matched sentence: ""-·-·-Grldtoruf.aeoolllctlon hardened by heat, occupied the northwestem part of the The K2 trenches trench at an average depth of 0.8 m, boun..."""
period_classical_aksumite,object_pottery,DATED_TO,P4_has_time-span,S4,S4 line 4621,explicit_pattern_match,0.8,"Pattern-matched sentence: ""-·-·-Grldtoruf.aeoolllctlon hardened by heat, occupied the northwestem part of the The K2 trenches trench at an average depth of 0.8 m, boun..."""
period_classical_aksumite,object_glass,DATED_TO,P4_has_time-span,S4,S4 line 4621,explicit_pattern_match,0.8,"Pattern-matched sentence: ""-·-·-Grldtoruf.aeoolllctlon hardened by heat, occupied the northwestem part of the The K2 trenches trench at an average depth of 0.8 m, boun..."""
object_pottery,object_glass,DATED_TO,P4_has_time-span,S4,S4 line 4621,explicit_pattern_match,0.8,"Pattern-matched sentence: ""-·-·-Grldtoruf.aeoolllctlon hardened by heat, occupied the northwestem part of the The K2 trenches trench at an average depth of 0.8 m, boun..."""
place_tomb_of_the_brick_arches,place_mausoleum,FOUND_AT,P7_took_place_at,S4,S4 line 4975,explicit_pattern_match,0.8,"Pattern-matched sentence: ""interior: These, recovered throughout the K-site se- Handled jars: The neck and handles of a jar 310 quence, are a continuation of the type ..."""
place_tomb_of_the_brick_arches,place_k_site_maleke_aksum,FOUND_AT,P7_took_place_at,S4,S4 line 4975,explicit_pattern_match,0.8,"Pattern-matched sentence: ""interior: These, recovered throughout the K-site se- Handled jars: The neck and handles of a jar 310 quence, are a continuation of the type ..."""
place_tomb_of_the_brick_arches,feature_trenches,FOUND_AT,P7_took_place_at,S4,S4 line 4975,explicit_pattern_match,0.8,"Pattern-matched sentence: ""interior: These, recovered throughout the K-site se- Handled jars: The neck and handles of a jar 310 quence, are a continuation of the type ..."""
place_mausoleum,place_k_site_maleke_aksum,FOUND_AT,P7_took_place_at,S4,S4 line 4975,explicit_pattern_match,0.8,"Pattern-matched sentence: ""interior: These, recovered throughout the K-site se- Handled jars: The neck and handles of a jar 310 quence, are a continuation of the type ..."""
place_mausoleum,feature_trenches,FOUND_AT,P7_took_place_at,S4,S4 line 4975,explicit_pattern_match,0.8,"Pattern-matched sentence: ""interior: These, recovered throughout the K-site se- Handled jars: The neck and handles of a jar 310 quence, are a continuation of the type ..."""
place_mausoleum,period_late_aksumite,FOUND_AT,P7_took_place_at,S4,S4 line 4975,explicit_pattern_match,0.8,"Pattern-matched sentence: ""interior: These, recovered throughout the K-site se- Handled jars: The neck and handles of a jar 310 quence, are a continuation of the type ..."""
feature_trenches,period_late_aksumite,FOUND_AT,P7_took_place_at,S4,S4 line 4975,explicit_pattern_match,0.8,"Pattern-matched sentence: ""interior: These, recovered throughout the K-site se- Handled jars: The neck and handles of a jar 310 quence, are a continuation of the type ..."""
place_k_site_maleke_aksum,place_mausoleum,FOUND_AT,P7_took_place_at,S4,S4 line 5240,explicit_pattern_match,0.8,"Pattern-matched sentence: ""Little demonstrably post-Aksumite or recent pottery was recovered at K site, which is surprising since the area has clearly been in continuo..."""
place_k_site_maleke_aksum,period_post_aksumite,FOUND_AT,P7_took_place_at,S4,S4 line 5240,explicit_pattern_match,0.8,"Pattern-matched sentence: ""Little demonstrably post-Aksumite or recent pottery was recovered at K site, which is surprising since the area has clearly been in continuo..."""
place_k_site_maleke_aksum,object_pottery,FOUND_AT,P7_took_place_at,S4,S4 line 5240,explicit_pattern_match,0.8,"Pattern-matched sentence: ""Little demonstrably post-Aksumite or recent pottery was recovered at K site, which is surprising since the area has clearly been in continuo..."""
place_mausoleum,period_post_aksumite,FOUND_AT,P7_took_place_at,S4,S4 line 5240,explicit_pattern_match,0.8,"Pattern-matched sentence: ""Little demonstrably post-Aksumite or recent pottery was recovered at K site, which is surprising since the area has clearly been in continuo..."""
place_mausoleum,period_aksumite,FOUND_AT,P7_took_place_at,S4,S4 line 5240,explicit_pattern_match,0.8,"Pattern-matched sentence: ""Little demonstrably post-Aksumite or recent pottery was recovered at K site, which is surprising since the area has clearly been in continuo..."""
place_mausoleum,object_pottery,FOUND_AT,P7_took_place_at,S4,S4 line 5240,explicit_pattern_match,0.8,"Pattern-matched sentence: ""Little demonstrably post-Aksumite or recent pottery was recovered at K site, which is surprising since the area has clearly been in continuo..."""
feature_trenches,period_post_aksumite,FOUND_AT,P7_took_place_at,S4,S4 line 5240,explicit_pattern_match,0.8,"Pattern-matched sentence: ""Little demonstrably post-Aksumite or recent pottery was recovered at K site, which is surprising since the area has clearly been in continuo..."""
feature_trenches,object_pottery,FOUND_AT,P7_took_place_at,S4,S4 line 5240,explicit_pattern_match,0.8,"Pattern-matched sentence: ""Little demonstrably post-Aksumite or recent pottery was recovered at K site, which is surprising since the area has clearly been in continuo..."""
period_post_aksumite,period_aksumite,FOUND_AT,P7_took_place_at,S4,S4 line 5240,explicit_pattern_match,0.8,"Pattern-matched sentence: ""Little demonstrably post-Aksumite or recent pottery was recovered at K site, which is surprising since the area has clearly been in continuo..."""
period_post_aksumite,object_pottery,FOUND_AT,P7_took_place_at,S4,S4 line 5240,explicit_pattern_match,0.8,"Pattern-matched sentence: ""Little demonstrably post-Aksumite or recent pottery was recovered at K site, which is surprising since the area has clearly been in continuo..."""
place_k_site_maleke_aksum,place_d_site_kidane_mehret,FOUND_AT,P7_took_place_at,S4,S4 line 5253,explicit_pattern_match,0.8,"Pattern-matched sentence: ""Other clay objects The few clay objects recovered at K site are analogous to those found at D site and outside the Mausoleum. d Discs: At le..."""
place_d_site_kidane_mehret,place_mausoleum,FOUND_AT,P7_took_place_at,S4,S4 line 5253,explicit_pattern_match,0.8,"Pattern-matched sentence: ""Other clay objects The few clay objects recovered at K site are analogous to those found at D site and outside the Mausoleum. d Discs: At le..."""
place_k_site_maleke_aksum,feature_trenches,MADE_OF,P45_consists_of,S4,S4 line 5258,explicit_pattern_match,0.75,"Pattern-matched sentence: ""One, found on the recent house floor in the K3 trenches, was made from a sherd of imported porcelain, and another (Fig. 347a) was abraded ar..."""
place_aksum,object_glass,FOUND_AT,P7_took_place_at,S4,S4 line 5282,explicit_pattern_match,0.8,"Pattern-matched sentence: ""Archaeology at Aksum does not appear in any quantity before phase VI, but Glass and beads sixteen cobalt blue fragments were recovered from ..."""
object_glass,object_beads,FOUND_AT,P7_took_place_at,S4,S4 line 5282,explicit_pattern_match,0.8,"Pattern-matched sentence: ""Archaeology at Aksum does not appear in any quantity before phase VI, but Glass and beads sixteen cobalt blue fragments were recovered from ..."""
place_aksum,period_late_aksumite,MADE_OF,P45_consists_of,S4,S4 line 5551,explicit_pattern_match,0.75,"Pattern-matched sentence: ""~-- 1 Aksum, has not been subject to metallurgical analysis a b and all copper or copper alloy artefacts are described together under this h..."""
place_yeha,place_aksum,LOCATED_AT,P53_has_former_or_current_location,S4,S4 line 6188,explicit_pattern_match,0.75,"Pattern-matched sentence: ""Mai Hejja stream, below the Yeha Hotel. The site was regularly used on the occasions of visits to Aksum by H and X sites His Holiness the Pa..."""
place_yeha,object_stelae,LOCATED_AT,P53_has_former_or_current_location,S4,S4 line 6188,explicit_pattern_match,0.75,"Pattern-matched sentence: ""Mai Hejja stream, below the Yeha Hotel. The site was regularly used on the occasions of visits to Aksum by H and X sites His Holiness the Pa..."""
place_aksum,object_stelae,LOCATED_AT,P53_has_former_or_current_location,S4,S4 line 6188,explicit_pattern_match,0.75,"Pattern-matched sentence: ""Mai Hejja stream, below the Yeha Hotel. The site was regularly used on the occasions of visits to Aksum by H and X sites His Holiness the Pa..."""
place_aksum,place_beta_giyorgis,MADE_OF,P45_consists_of,S4,S4 line 6487,explicit_pattern_match,0.75,"Pattern-matched sentence: ""Chapter 13 SURFACE COLLECTIONS OF AKSUMITE LITHIC INDUSTRIES (La,urel Phillipson) Intensive survey was made of the area within about a surve..."""
place_aksum,place_adi_tsehafi,MADE_OF,P45_consists_of,S4,S4 line 6487,explicit_pattern_match,0.75,"Pattern-matched sentence: ""Chapter 13 SURFACE COLLECTIONS OF AKSUMITE LITHIC INDUSTRIES (La,urel Phillipson) Intensive survey was made of the area within about a surve..."""
place_aksum,place_gobedra,MADE_OF,P45_consists_of,S4,S4 line 6487,explicit_pattern_match,0.75,"Pattern-matched sentence: ""Chapter 13 SURFACE COLLECTIONS OF AKSUMITE LITHIC INDUSTRIES (La,urel Phillipson) Intensive survey was made of the area within about a surve..."""
place_aksum,period_aksumite,MADE_OF,P45_consists_of,S4,S4 line 6487,explicit_pattern_match,0.75,"Pattern-matched sentence: ""Chapter 13 SURFACE COLLECTIONS OF AKSUMITE LITHIC INDUSTRIES (La,urel Phillipson) Intensive survey was made of the area within about a surve..."""
place_aksum,object_stelae,MADE_OF,P45_consists_of,S4,S4 line 6487,explicit_pattern_match,0.75,"Pattern-matched sentence: ""Chapter 13 SURFACE COLLECTIONS OF AKSUMITE LITHIC INDUSTRIES (La,urel Phillipson) Intensive survey was made of the area within about a surve..."""
place_beta_giyorgis,place_adi_tsehafi,MADE_OF,P45_consists_of,S4,S4 line 6487,explicit_pattern_match,0.75,"Pattern-matched sentence: ""Chapter 13 SURFACE COLLECTIONS OF AKSUMITE LITHIC INDUSTRIES (La,urel Phillipson) Intensive survey was made of the area within about a surve..."""
place_beta_giyorgis,place_gobedra,MADE_OF,P45_consists_of,S4,S4 line 6487,explicit_pattern_match,0.75,"Pattern-matched sentence: ""Chapter 13 SURFACE COLLECTIONS OF AKSUMITE LITHIC INDUSTRIES (La,urel Phillipson) Intensive survey was made of the area within about a surve..."""
place_beta_giyorgis,period_aksumite,MADE_OF,P45_consists_of,S4,S4 line 6487,explicit_pattern_match,0.75,"Pattern-matched sentence: ""Chapter 13 SURFACE COLLECTIONS OF AKSUMITE LITHIC INDUSTRIES (La,urel Phillipson) Intensive survey was made of the area within about a surve..."""
place_beta_giyorgis,object_stelae,MADE_OF,P45_consists_of,S4,S4 line 6487,explicit_pattern_match,0.75,"Pattern-matched sentence: ""Chapter 13 SURFACE COLLECTIONS OF AKSUMITE LITHIC INDUSTRIES (La,urel Phillipson) Intensive survey was made of the area within about a surve..."""
place_adi_tsehafi,place_gobedra,MADE_OF,P45_consists_of,S4,S4 line 6487,explicit_pattern_match,0.75,"Pattern-matched sentence: ""Chapter 13 SURFACE COLLECTIONS OF AKSUMITE LITHIC INDUSTRIES (La,urel Phillipson) Intensive survey was made of the area within about a surve..."""
place_adi_tsehafi,period_aksumite,MADE_OF,P45_consists_of,S4,S4 line 6487,explicit_pattern_match,0.75,"Pattern-matched sentence: ""Chapter 13 SURFACE COLLECTIONS OF AKSUMITE LITHIC INDUSTRIES (La,urel Phillipson) Intensive survey was made of the area within about a surve..."""
place_adi_tsehafi,object_stelae,MADE_OF,P45_consists_of,S4,S4 line 6487,explicit_pattern_match,0.75,"Pattern-matched sentence: ""Chapter 13 SURFACE COLLECTIONS OF AKSUMITE LITHIC INDUSTRIES (La,urel Phillipson) Intensive survey was made of the area within about a surve..."""
place_gobedra,period_aksumite,MADE_OF,P45_consists_of,S4,S4 line 6487,explicit_pattern_match,0.75,"Pattern-matched sentence: ""Chapter 13 SURFACE COLLECTIONS OF AKSUMITE LITHIC INDUSTRIES (La,urel Phillipson) Intensive survey was made of the area within about a surve..."""
place_gobedra,object_stelae,MADE_OF,P45_consists_of,S4,S4 line 6487,explicit_pattern_match,0.75,"Pattern-matched sentence: ""Chapter 13 SURFACE COLLECTIONS OF AKSUMITE LITHIC INDUSTRIES (La,urel Phillipson) Intensive survey was made of the area within about a surve..."""
period_aksumite,object_stelae,MADE_OF,P45_consists_of,S4,S4 line 6487,explicit_pattern_match,0.75,"Pattern-matched sentence: ""Chapter 13 SURFACE COLLECTIONS OF AKSUMITE LITHIC INDUSTRIES (La,urel Phillipson) Intensive survey was made of the area within about a surve..."""
place_gobedra,place_aksum,MADE_OF,P45_consists_of,S4,S4 line 6929,explicit_pattern_match,0.75,"Pattern-matched sentence: ""Chapter 14 SYNTHESES Lithic industries (Laurel Phillipson) Raw materials to an angular detritus or decayed to a white/ grey clay Aksumite us..."""
place_gobedra,place_beta_giyorgis,MADE_OF,P45_consists_of,S4,S4 line 6929,explicit_pattern_match,0.75,"Pattern-matched sentence: ""Chapter 14 SYNTHESES Lithic industries (Laurel Phillipson) Raw materials to an angular detritus or decayed to a white/ grey clay Aksumite us..."""
place_gobedra,place_adi_tsehafi,MADE_OF,P45_consists_of,S4,S4 line 6929,explicit_pattern_match,0.75,"Pattern-matched sentence: ""Chapter 14 SYNTHESES Lithic industries (Laurel Phillipson) Raw materials to an angular detritus or decayed to a white/ grey clay Aksumite us..."""
place_gobedra,person_laurel_phillipson,MADE_OF,P45_consists_of,S4,S4 line 6929,explicit_pattern_match,0.75,"Pattern-matched sentence: ""Chapter 14 SYNTHESES Lithic industries (Laurel Phillipson) Raw materials to an angular detritus or decayed to a white/ grey clay Aksumite us..."""
place_gobedra,object_beads,MADE_OF,P45_consists_of,S4,S4 line 6929,explicit_pattern_match,0.75,"Pattern-matched sentence: ""Chapter 14 SYNTHESES Lithic industries (Laurel Phillipson) Raw materials to an angular detritus or decayed to a white/ grey clay Aksumite us..."""
place_aksum,person_laurel_phillipson,MADE_OF,P45_consists_of,S4,S4 line 6929,explicit_pattern_match,0.75,"Pattern-matched sentence: ""Chapter 14 SYNTHESES Lithic industries (Laurel Phillipson) Raw materials to an angular detritus or decayed to a white/ grey clay Aksumite us..."""
place_beta_giyorgis,person_laurel_phillipson,MADE_OF,P45_consists_of,S4,S4 line 6929,explicit_pattern_match,0.75,"Pattern-matched sentence: ""Chapter 14 SYNTHESES Lithic industries (Laurel Phillipson) Raw materials to an angular detritus or decayed to a white/ grey clay Aksumite us..."""
place_beta_giyorgis,object_beads,MADE_OF,P45_consists_of,S4,S4 line 6929,explicit_pattern_match,0.75,"Pattern-matched sentence: ""Chapter 14 SYNTHESES Lithic industries (Laurel Phillipson) Raw materials to an angular detritus or decayed to a white/ grey clay Aksumite us..."""
place_adi_tsehafi,person_laurel_phillipson,MADE_OF,P45_consists_of,S4,S4 line 6929,explicit_pattern_match,0.75,"Pattern-matched sentence: ""Chapter 14 SYNTHESES Lithic industries (Laurel Phillipson) Raw materials to an angular detritus or decayed to a white/ grey clay Aksumite us..."""
place_adi_tsehafi,object_beads,MADE_OF,P45_consists_of,S4,S4 line 6929,explicit_pattern_match,0.75,"Pattern-matched sentence: ""Chapter 14 SYNTHESES Lithic industries (Laurel Phillipson) Raw materials to an angular detritus or decayed to a white/ grey clay Aksumite us..."""
person_laurel_phillipson,period_aksumite,MADE_OF,P45_consists_of,S4,S4 line 6929,explicit_pattern_match,0.75,"Pattern-matched sentence: ""Chapter 14 SYNTHESES Lithic industries (Laurel Phillipson) Raw materials to an angular detritus or decayed to a white/ grey clay Aksumite us..."""
person_laurel_phillipson,object_beads,MADE_OF,P45_consists_of,S4,S4 line 6929,explicit_pattern_match,0.75,"Pattern-matched sentence: ""Chapter 14 SYNTHESES Lithic industries (Laurel Phillipson) Raw materials to an angular detritus or decayed to a white/ grey clay Aksumite us..."""
period_aksumite,object_beads,MADE_OF,P45_consists_of,S4,S4 line 6929,explicit_pattern_match,0.75,"Pattern-matched sentence: ""Chapter 14 SYNTHESES Lithic industries (Laurel Phillipson) Raw materials to an angular detritus or decayed to a white/ grey clay Aksumite us..."""
place_d_site_kidane_mehret,place_gudit_stelae_field,FOUND_AT,P7_took_place_at,S4,S4 line 6980,explicit_pattern_match,0.8,"Pattern-matched sentence: ""crolithic tools excavated from D site although none The corresponding ratio for the Surface Collection was found in surface occurrences at t..."""
place_d_site_kidane_mehret,object_stelae,FOUND_AT,P7_took_place_at,S4,S4 line 6980,explicit_pattern_match,0.8,"Pattern-matched sentence: ""crolithic tools excavated from D site although none The corresponding ratio for the Surface Collection was found in surface occurrences at t..."""
place_gudit_stelae_field,place_aksum,FOUND_AT,P7_took_place_at,S4,S4 line 6980,explicit_pattern_match,0.8,"Pattern-matched sentence: ""crolithic tools excavated from D site although none The corresponding ratio for the Surface Collection was found in surface occurrences at t..."""
place_gudit_stelae_field,object_stelae,FOUND_AT,P7_took_place_at,S4,S4 line 6980,explicit_pattern_match,0.8,"Pattern-matched sentence: ""crolithic tools excavated from D site although none The corresponding ratio for the Surface Collection was found in surface occurrences at t..."""
place_aksum,object_stelae,FOUND_AT,P7_took_place_at,S4,S4 line 6980,explicit_pattern_match,0.8,"Pattern-matched sentence: ""crolithic tools excavated from D site although none The corresponding ratio for the Surface Collection was found in surface occurrences at t..."""
period_aksumite,period_late_aksumite,MADE_OF,P45_consists_of,S4,S4 line 7103,explicit_pattern_match,0.75,"Pattern-matched sentence: ""several assemblages belong to a single general techno- As discussed in Chapter 15, the lithic tools provide logical complex. However, the fa..."""
place_d_site_kidane_mehret,feature_trench_d22,FOUND_AT,P7_took_place_at,S4,S4 line 7135,explicit_pattern_match,0.8,"Pattern-matched sentence: ""vels at D site, mainly in trench D22. Decoration is limited and sparse; indeed, the 2) Pre-Aksumite II pottery occurs at D site in con- peri..."""
feature_trench_d22,feature_trenches,FOUND_AT,P7_took_place_at,S4,S4 line 7135,explicit_pattern_match,0.8,"Pattern-matched sentence: ""vels at D site, mainly in trench D22. Decoration is limited and sparse; indeed, the 2) Pre-Aksumite II pottery occurs at D site in con- peri..."""
feature_trench_d22,period_pre_aksumite,FOUND_AT,P7_took_place_at,S4,S4 line 7135,explicit_pattern_match,0.8,"Pattern-matched sentence: ""vels at D site, mainly in trench D22. Decoration is limited and sparse; indeed, the 2) Pre-Aksumite II pottery occurs at D site in con- peri..."""
feature_trench_d22,object_pottery,FOUND_AT,P7_took_place_at,S4,S4 line 7135,explicit_pattern_match,0.8,"Pattern-matched sentence: ""vels at D site, mainly in trench D22. Decoration is limited and sparse; indeed, the 2) Pre-Aksumite II pottery occurs at D site in con- peri..."""
feature_trenches,period_pre_aksumite,FOUND_AT,P7_took_place_at,S4,S4 line 7135,explicit_pattern_match,0.8,"Pattern-matched sentence: ""vels at D site, mainly in trench D22. Decoration is limited and sparse; indeed, the 2) Pre-Aksumite II pottery occurs at D site in con- peri..."""
period_pre_aksumite,object_pottery,FOUND_AT,P7_took_place_at,S4,S4 line 7135,explicit_pattern_match,0.8,"Pattern-matched sentence: ""vels at D site, mainly in trench D22. Decoration is limited and sparse; indeed, the 2) Pre-Aksumite II pottery occurs at D site in con- peri..."""
place_yeha,place_d_site_kidane_mehret,MADE_OF,P45_consists_of,S4,S4 line 7158,explicit_pattern_match,0.75,"Pattern-matched sentence: ""Most open bowls are made of this fabric, as are Pre- Vessel sections are regular, thickening towards the Aksumite I storage pots. The other ..."""
place_yeha,period_aksumite,MADE_OF,P45_consists_of,S4,S4 line 7158,explicit_pattern_match,0.75,"Pattern-matched sentence: ""Most open bowls are made of this fabric, as are Pre- Vessel sections are regular, thickening towards the Aksumite I storage pots. The other ..."""
place_yeha,period_pre_aksumite,MADE_OF,P45_consists_of,S4,S4 line 7158,explicit_pattern_match,0.75,"Pattern-matched sentence: ""Most open bowls are made of this fabric, as are Pre- Vessel sections are regular, thickening towards the Aksumite I storage pots. The other ..."""
place_d_site_kidane_mehret,period_pre_aksumite,MADE_OF,P45_consists_of,S4,S4 line 7158,explicit_pattern_match,0.75,"Pattern-matched sentence: ""Most open bowls are made of this fabric, as are Pre- Vessel sections are regular, thickening towards the Aksumite I storage pots. The other ..."""
period_aksumite,period_pre_aksumite,MADE_OF,P45_consists_of,S4,S4 line 7158,explicit_pattern_match,0.75,"Pattern-matched sentence: ""Most open bowls are made of this fabric, as are Pre- Vessel sections are regular, thickening towards the Aksumite I storage pots. The other ..."""
place_beta_giyorgis,period_early_aksumite,DATED_TO,P4_has_time-span,S4,S4 line 7193,explicit_pattern_match,0.8,"Pattern-matched sentence: ""ently known from a burial at OAZ I and elsewhere on The account here offered is based exclusively Beta Giyorgis as published by Perlingieri ..."""
period_aksumite,period_early_aksumite,DATED_TO,P4_has_time-span,S4,S4 line 7193,explicit_pattern_match,0.8,"Pattern-matched sentence: ""ently known from a burial at OAZ I and elsewhere on The account here offered is based exclusively Beta Giyorgis as published by Perlingieri ..."""
place_beta_giyorgis,object_pottery,DATED_TO,P4_has_time-span,S4,S4 line 7199,explicit_pattern_match,0.8,"Pattern-matched sentence: ""ondary contexts (e.g. Fig. 345b) at D and K sites. The chief visual development at the beginning of the Early Aksumite is the neck, which be..."""
period_early_aksumite,period_aksumite,DATED_TO,P4_has_time-span,S4,S4 line 7199,explicit_pattern_match,0.8,"Pattern-matched sentence: ""ondary contexts (e.g. Fig. 345b) at D and K sites. The chief visual development at the beginning of the Early Aksumite is the neck, which be..."""
period_early_aksumite,object_pottery,DATED_TO,P4_has_time-span,S4,S4 line 7199,explicit_pattern_match,0.8,"Pattern-matched sentence: ""ondary contexts (e.g. Fig. 345b) at D and K sites. The chief visual development at the beginning of the Early Aksumite is the neck, which be..."""
period_aksumite,object_pottery,DATED_TO,P4_has_time-span,S4,S4 line 7199,explicit_pattern_match,0.8,"Pattern-matched sentence: ""ondary contexts (e.g. Fig. 345b) at D and K sites. The chief visual development at the beginning of the Early Aksumite is the neck, which be..."""
place_tomb_of_the_brick_arches,period_classical_aksumite,DATED_TO,P4_has_time-span,S4,S4 line 7230,explicit_pattern_match,0.8,"Pattern-matched sentence: ""bowl (ibid.: fig. 16.148) spouted jar (ibid.: fig. 7) Pottery from the Tomb of the Brick Arches is here 16.304) and bird-shaped vessel (ibid..."""
place_tomb_of_the_brick_arches,object_pottery,DATED_TO,P4_has_time-span,S4,S4 line 7230,explicit_pattern_match,0.8,"Pattern-matched sentence: ""bowl (ibid.: fig. 16.148) spouted jar (ibid.: fig. 7) Pottery from the Tomb of the Brick Arches is here 16.304) and bird-shaped vessel (ibid..."""
place_mausoleum,object_ceramics,FOUND_AT,P7_took_place_at,S4,S4 line 7234,explicit_pattern_match,0.8,"Pattern-matched sentence: ""strap loop handle and slashed horizontal ridge (ibid.: The principal assemblages are derived from figs 16.73, 275-7, 280), are retained. New..."""
object_pottery,object_ceramics,FOUND_AT,P7_took_place_at,S4,S4 line 7234,explicit_pattern_match,0.8,"Pattern-matched sentence: ""strap loop handle and slashed horizontal ridge (ibid.: The principal assemblages are derived from figs 16.73, 275-7, 280), are retained. New..."""
place_tomb_of_the_brick_arches,place_k_site_maleke_aksum,DATED_TO,P4_has_time-span,S4,S4 line 7258,explicit_pattern_match,0.8,"Pattern-matched sentence: ""tombs also indicates some development in form and Concurrent with this decline in quality is a shape. The body profile generally becomes mor..."""
place_tomb_of_the_brick_arches,place_d_site_kidane_mehret,DATED_TO,P4_has_time-span,S4,S4 line 7258,explicit_pattern_match,0.8,"Pattern-matched sentence: ""tombs also indicates some development in form and Concurrent with this decline in quality is a shape. The body profile generally becomes mor..."""
place_tomb_of_the_brick_arches,period_aksumite,DATED_TO,P4_has_time-span,S4,S4 line 7258,explicit_pattern_match,0.8,"Pattern-matched sentence: ""tombs also indicates some development in form and Concurrent with this decline in quality is a shape. The body profile generally becomes mor..."""
place_tomb_of_the_brick_arches,period_late_aksumite,DATED_TO,P4_has_time-span,S4,S4 line 7258,explicit_pattern_match,0.8,"Pattern-matched sentence: ""tombs also indicates some development in form and Concurrent with this decline in quality is a shape. The body profile generally becomes mor..."""
place_k_site_maleke_aksum,place_d_site_kidane_mehret,DATED_TO,P4_has_time-span,S4,S4 line 7258,explicit_pattern_match,0.8,"Pattern-matched sentence: ""tombs also indicates some development in form and Concurrent with this decline in quality is a shape. The body profile generally becomes mor..."""
place_k_site_maleke_aksum,period_aksumite,DATED_TO,P4_has_time-span,S4,S4 line 7258,explicit_pattern_match,0.8,"Pattern-matched sentence: ""tombs also indicates some development in form and Concurrent with this decline in quality is a shape. The body profile generally becomes mor..."""
place_k_site_maleke_aksum,period_late_aksumite,DATED_TO,P4_has_time-span,S4,S4 line 7258,explicit_pattern_match,0.8,"Pattern-matched sentence: ""tombs also indicates some development in form and Concurrent with this decline in quality is a shape. The body profile generally becomes mor..."""
place_d_site_kidane_mehret,place_adi_tsehafi,FOUND_AT,P7_took_place_at,S4,S4 line 7315,explicit_pattern_match,0.8,"Pattern-matched sentence: ""Some well made, thin-walled vessels in fine A note on sources of potter's clay at fabrics fired at high temperatures continue at D site, Aks..."""
place_d_site_kidane_mehret,person_king_kaleb,FOUND_AT,P7_took_place_at,S4,S4 line 7315,explicit_pattern_match,0.8,"Pattern-matched sentence: ""Some well made, thin-walled vessels in fine A note on sources of potter's clay at fabrics fired at high temperatures continue at D site, Aks..."""
place_d_site_kidane_mehret,period_post_aksumite,FOUND_AT,P7_took_place_at,S4,S4 line 7315,explicit_pattern_match,0.8,"Pattern-matched sentence: ""Some well made, thin-walled vessels in fine A note on sources of potter's clay at fabrics fired at high temperatures continue at D site, Aks..."""
place_aksum,place_adi_tsehafi,FOUND_AT,P7_took_place_at,S4,S4 line 7315,explicit_pattern_match,0.8,"Pattern-matched sentence: ""Some well made, thin-walled vessels in fine A note on sources of potter's clay at fabrics fired at high temperatures continue at D site, Aks..."""
place_aksum,place_mausoleum,FOUND_AT,P7_took_place_at,S4,S4 line 7315,explicit_pattern_match,0.8,"Pattern-matched sentence: ""Some well made, thin-walled vessels in fine A note on sources of potter's clay at fabrics fired at high temperatures continue at D site, Aks..."""
place_aksum,person_king_kaleb,FOUND_AT,P7_took_place_at,S4,S4 line 7315,explicit_pattern_match,0.8,"Pattern-matched sentence: ""Some well made, thin-walled vessels in fine A note on sources of potter's clay at fabrics fired at high temperatures continue at D site, Aks..."""
place_aksum,period_post_aksumite,FOUND_AT,P7_took_place_at,S4,S4 line 7315,explicit_pattern_match,0.8,"Pattern-matched sentence: ""Some well made, thin-walled vessels in fine A note on sources of potter's clay at fabrics fired at high temperatures continue at D site, Aks..."""
place_adi_tsehafi,place_mausoleum,FOUND_AT,P7_took_place_at,S4,S4 line 7315,explicit_pattern_match,0.8,"Pattern-matched sentence: ""Some well made, thin-walled vessels in fine A note on sources of potter's clay at fabrics fired at high temperatures continue at D site, Aks..."""
place_adi_tsehafi,person_king_kaleb,FOUND_AT,P7_took_place_at,S4,S4 line 7315,explicit_pattern_match,0.8,"Pattern-matched sentence: ""Some well made, thin-walled vessels in fine A note on sources of potter's clay at fabrics fired at high temperatures continue at D site, Aks..."""
place_adi_tsehafi,period_aksumite,FOUND_AT,P7_took_place_at,S4,S4 line 7315,explicit_pattern_match,0.8,"Pattern-matched sentence: ""Some well made, thin-walled vessels in fine A note on sources of potter's clay at fabrics fired at high temperatures continue at D site, Aks..."""
place_adi_tsehafi,period_post_aksumite,FOUND_AT,P7_took_place_at,S4,S4 line 7315,explicit_pattern_match,0.8,"Pattern-matched sentence: ""Some well made, thin-walled vessels in fine A note on sources of potter's clay at fabrics fired at high temperatures continue at D site, Aks..."""
place_adi_tsehafi,period_late_aksumite,FOUND_AT,P7_took_place_at,S4,S4 line 7315,explicit_pattern_match,0.8,"Pattern-matched sentence: ""Some well made, thin-walled vessels in fine A note on sources of potter's clay at fabrics fired at high temperatures continue at D site, Aks..."""
place_adi_tsehafi,period_pre_aksumite,FOUND_AT,P7_took_place_at,S4,S4 line 7315,explicit_pattern_match,0.8,"Pattern-matched sentence: ""Some well made, thin-walled vessels in fine A note on sources of potter's clay at fabrics fired at high temperatures continue at D site, Aks..."""
place_adi_tsehafi,object_pottery,FOUND_AT,P7_took_place_at,S4,S4 line 7315,explicit_pattern_match,0.8,"Pattern-matched sentence: ""Some well made, thin-walled vessels in fine A note on sources of potter's clay at fabrics fired at high temperatures continue at D site, Aks..."""
place_mausoleum,person_king_kaleb,FOUND_AT,P7_took_place_at,S4,S4 line 7315,explicit_pattern_match,0.8,"Pattern-matched sentence: ""Some well made, thin-walled vessels in fine A note on sources of potter's clay at fabrics fired at high temperatures continue at D site, Aks..."""
place_mausoleum,period_pre_aksumite,FOUND_AT,P7_took_place_at,S4,S4 line 7315,explicit_pattern_match,0.8,"Pattern-matched sentence: ""Some well made, thin-walled vessels in fine A note on sources of potter's clay at fabrics fired at high temperatures continue at D site, Aks..."""
person_king_kaleb,period_aksumite,FOUND_AT,P7_took_place_at,S4,S4 line 7315,explicit_pattern_match,0.8,"Pattern-matched sentence: ""Some well made, thin-walled vessels in fine A note on sources of potter's clay at fabrics fired at high temperatures continue at D site, Aks..."""
person_king_kaleb,period_post_aksumite,FOUND_AT,P7_took_place_at,S4,S4 line 7315,explicit_pattern_match,0.8,"Pattern-matched sentence: ""Some well made, thin-walled vessels in fine A note on sources of potter's clay at fabrics fired at high temperatures continue at D site, Aks..."""
person_king_kaleb,period_late_aksumite,FOUND_AT,P7_took_place_at,S4,S4 line 7315,explicit_pattern_match,0.8,"Pattern-matched sentence: ""Some well made, thin-walled vessels in fine A note on sources of potter's clay at fabrics fired at high temperatures continue at D site, Aks..."""
person_king_kaleb,period_pre_aksumite,FOUND_AT,P7_took_place_at,S4,S4 line 7315,explicit_pattern_match,0.8,"Pattern-matched sentence: ""Some well made, thin-walled vessels in fine A note on sources of potter's clay at fabrics fired at high temperatures continue at D site, Aks..."""
person_king_kaleb,object_pottery,FOUND_AT,P7_took_place_at,S4,S4 line 7315,explicit_pattern_match,0.8,"Pattern-matched sentence: ""Some well made, thin-walled vessels in fine A note on sources of potter's clay at fabrics fired at high temperatures continue at D site, Aks..."""
period_aksumite,period_post_aksumite,FOUND_AT,P7_took_place_at,S4,S4 line 7315,explicit_pattern_match,0.8,"Pattern-matched sentence: ""Some well made, thin-walled vessels in fine A note on sources of potter's clay at fabrics fired at high temperatures continue at D site, Aks..."""
period_aksumite,period_pre_aksumite,FOUND_AT,P7_took_place_at,S4,S4 line 7315,explicit_pattern_match,0.8,"Pattern-matched sentence: ""Some well made, thin-walled vessels in fine A note on sources of potter's clay at fabrics fired at high temperatures continue at D site, Aks..."""
period_post_aksumite,period_late_aksumite,FOUND_AT,P7_took_place_at,S4,S4 line 7315,explicit_pattern_match,0.8,"Pattern-matched sentence: ""Some well made, thin-walled vessels in fine A note on sources of potter's clay at fabrics fired at high temperatures continue at D site, Aks..."""
period_post_aksumite,period_pre_aksumite,FOUND_AT,P7_took_place_at,S4,S4 line 7315,explicit_pattern_match,0.8,"Pattern-matched sentence: ""Some well made, thin-walled vessels in fine A note on sources of potter's clay at fabrics fired at high temperatures continue at D site, Aks..."""
place_k_site_maleke_aksum,feature_trench_d13,FOUND_AT,P7_took_place_at,S4,S4 line 7351,explicit_pattern_match,0.8,"Pattern-matched sentence: ""Syntheses and K sites on the other hand produced mainly colour- cup from Sedeinga has a base similar to that of the less glass tinged with g..."""
place_k_site_maleke_aksum,object_glass,FOUND_AT,P7_took_place_at,S4,S4 line 7351,explicit_pattern_match,0.8,"Pattern-matched sentence: ""Syntheses and K sites on the other hand produced mainly colour- cup from Sedeinga has a base similar to that of the less glass tinged with g..."""
place_aksum,feature_trench_d13,FOUND_AT,P7_took_place_at,S4,S4 line 7351,explicit_pattern_match,0.8,"Pattern-matched sentence: ""Syntheses and K sites on the other hand produced mainly colour- cup from Sedeinga has a base similar to that of the less glass tinged with g..."""
feature_trench_d13,period_aksumite,FOUND_AT,P7_took_place_at,S4,S4 line 7351,explicit_pattern_match,0.8,"Pattern-matched sentence: ""Syntheses and K sites on the other hand produced mainly colour- cup from Sedeinga has a base similar to that of the less glass tinged with g..."""
feature_trench_d13,object_glass,FOUND_AT,P7_took_place_at,S4,S4 line 7351,explicit_pattern_match,0.8,"Pattern-matched sentence: ""Syntheses and K sites on the other hand produced mainly colour- cup from Sedeinga has a base similar to that of the less glass tinged with g..."""
period_aksumite,object_glass,FOUND_AT,P7_took_place_at,S4,S4 line 7351,explicit_pattern_match,0.8,"Pattern-matched sentence: ""Syntheses and K sites on the other hand produced mainly colour- cup from Sedeinga has a base similar to that of the less glass tinged with g..."""
place_k_site_maleke_aksum,object_glass,DATED_TO,P4_has_time-span,S4,S4 line 7384,explicit_pattern_match,0.8,"Pattern-matched sentence: ""tomb's use. It is difficult to find convincing parallels There was tantalising evidence at K site of in the main publications on Late Roman ..."""
place_k_site_maleke_aksum,object_beads,DATED_TO,P4_has_time-span,S4,S4 line 7384,explicit_pattern_match,0.8,"Pattern-matched sentence: ""tomb's use. It is difficult to find convincing parallels There was tantalising evidence at K site of in the main publications on Late Roman ..."""
object_glass,object_beads,DATED_TO,P4_has_time-span,S4,S4 line 7384,explicit_pattern_match,0.8,"Pattern-matched sentence: ""tomb's use. It is difficult to find convincing parallels There was tantalising evidence at K site of in the main publications on Late Roman ..."""
place_d_site_kidane_mehret,place_k_site_maleke_aksum,DATED_TO,P4_has_time-span,S4,S4 line 7696,explicit_pattern_match,0.8,"Pattern-matched sentence: ""to family, subfamily or genus level. Almost no pre- The Late Aksumite occupation at D site has vious work on material of this type has been ..."""
place_d_site_kidane_mehret,place_gobedra,DATED_TO,P4_has_time-span,S4,S4 line 7696,explicit_pattern_match,0.8,"Pattern-matched sentence: ""to family, subfamily or genus level. Almost no pre- The Late Aksumite occupation at D site has vious work on material of this type has been ..."""
place_d_site_kidane_mehret,period_pre_aksumite,DATED_TO,P4_has_time-span,S4,S4 line 7696,explicit_pattern_match,0.8,"Pattern-matched sentence: ""to family, subfamily or genus level. Almost no pre- The Late Aksumite occupation at D site has vious work on material of this type has been ..."""
place_k_site_maleke_aksum,place_aksum,DATED_TO,P4_has_time-span,S4,S4 line 7696,explicit_pattern_match,0.8,"Pattern-matched sentence: ""to family, subfamily or genus level. Almost no pre- The Late Aksumite occupation at D site has vious work on material of this type has been ..."""
place_k_site_maleke_aksum,place_gobedra,DATED_TO,P4_has_time-span,S4,S4 line 7696,explicit_pattern_match,0.8,"Pattern-matched sentence: ""to family, subfamily or genus level. Almost no pre- The Late Aksumite occupation at D site has vious work on material of this type has been ..."""
place_k_site_maleke_aksum,period_pre_aksumite,DATED_TO,P4_has_time-span,S4,S4 line 7696,explicit_pattern_match,0.8,"Pattern-matched sentence: ""to family, subfamily or genus level. Almost no pre- The Late Aksumite occupation at D site has vious work on material of this type has been ..."""
place_aksum,place_gobedra,DATED_TO,P4_has_time-span,S4,S4 line 7696,explicit_pattern_match,0.8,"Pattern-matched sentence: ""to family, subfamily or genus level. Almost no pre- The Late Aksumite occupation at D site has vious work on material of this type has been ..."""
place_aksum,period_pre_aksumite,DATED_TO,P4_has_time-span,S4,S4 line 7696,explicit_pattern_match,0.8,"Pattern-matched sentence: ""to family, subfamily or genus level. Almost no pre- The Late Aksumite occupation at D site has vious work on material of this type has been ..."""
place_gobedra,period_late_aksumite,DATED_TO,P4_has_time-span,S4,S4 line 7696,explicit_pattern_match,0.8,"Pattern-matched sentence: ""to family, subfamily or genus level. Almost no pre- The Late Aksumite occupation at D site has vious work on material of this type has been ..."""
place_gobedra,period_pre_aksumite,DATED_TO,P4_has_time-span,S4,S4 line 7696,explicit_pattern_match,0.8,"Pattern-matched sentence: ""to family, subfamily or genus level. Almost no pre- The Late Aksumite occupation at D site has vious work on material of this type has been ..."""
place_gobedra,period_aksumite,DATED_TO,P4_has_time-span,S4,S4 line 7696,explicit_pattern_match,0.8,"Pattern-matched sentence: ""to family, subfamily or genus level. Almost no pre- The Late Aksumite occupation at D site has vious work on material of this type has been ..."""
period_late_aksumite,period_pre_aksumite,DATED_TO,P4_has_time-span,S4,S4 line 7696,explicit_pattern_match,0.8,"Pattern-matched sentence: ""to family, subfamily or genus level. Almost no pre- The Late Aksumite occupation at D site has vious work on material of this type has been ..."""
period_late_aksumite,period_aksumite,DATED_TO,P4_has_time-span,S4,S4 line 7696,explicit_pattern_match,0.8,"Pattern-matched sentence: ""to family, subfamily or genus level. Almost no pre- The Late Aksumite occupation at D site has vious work on material of this type has been ..."""
period_pre_aksumite,period_aksumite,DATED_TO,P4_has_time-span,S4,S4 line 7696,explicit_pattern_match,0.8,"Pattern-matched sentence: ""to family, subfamily or genus level. Almost no pre- The Late Aksumite occupation at D site has vious work on material of this type has been ..."""
place_d_site_kidane_mehret,object_stelae,DATED_TO,P4_has_time-span,S4,S4 line 7712,explicit_pattern_match,0.8,"Pattern-matched sentence: ""The wild plants incorporate a number of pos- Apart from the sorghum and finger millet, sible weeds of cultivation, but of which crops, we th..."""
place_k_site_maleke_aksum,object_stelae,DATED_TO,P4_has_time-span,S4,S4 line 7712,explicit_pattern_match,0.8,"Pattern-matched sentence: ""The wild plants incorporate a number of pos- Apart from the sorghum and finger millet, sible weeds of cultivation, but of which crops, we th..."""
period_late_aksumite,object_stelae,DATED_TO,P4_has_time-span,S4,S4 line 7712,explicit_pattern_match,0.8,"Pattern-matched sentence: ""The wild plants incorporate a number of pos- Apart from the sorghum and finger millet, sible weeds of cultivation, but of which crops, we th..."""
period_aksumite,object_stelae,DATED_TO,P4_has_time-span,S4,S4 line 7712,explicit_pattern_match,0.8,"Pattern-matched sentence: ""The wild plants incorporate a number of pos- Apart from the sorghum and finger millet, sible weeds of cultivation, but of which crops, we th..."""
place_d_site_kidane_mehret,place_aksum,LOCATED_AT,P53_has_former_or_current_location,S4,S4 line 7793,explicit_pattern_match,0.75,"Pattern-matched sentence: ""duced, interspersed with other areas yielding a variety Thus, although D site is located at about the same of stone tools, Classical and Lat..."""
place_d_site_kidane_mehret,place_dungur,LOCATED_AT,P53_has_former_or_current_location,S4,S4 line 7793,explicit_pattern_match,0.75,"Pattern-matched sentence: ""duced, interspersed with other areas yielding a variety Thus, although D site is located at about the same of stone tools, Classical and Lat..."""
place_d_site_kidane_mehret,place_gobedra,LOCATED_AT,P53_has_former_or_current_location,S4,S4 line 7793,explicit_pattern_match,0.75,"Pattern-matched sentence: ""duced, interspersed with other areas yielding a variety Thus, although D site is located at about the same of stone tools, Classical and Lat..."""
place_d_site_kidane_mehret,place_beta_giyorgis,LOCATED_AT,P53_has_former_or_current_location,S4,S4 line 7793,explicit_pattern_match,0.75,"Pattern-matched sentence: ""duced, interspersed with other areas yielding a variety Thus, although D site is located at about the same of stone tools, Classical and Lat..."""
place_d_site_kidane_mehret,period_late_aksumite,LOCATED_AT,P53_has_former_or_current_location,S4,S4 line 7793,explicit_pattern_match,0.75,"Pattern-matched sentence: ""duced, interspersed with other areas yielding a variety Thus, although D site is located at about the same of stone tools, Classical and Lat..."""
place_d_site_kidane_mehret,object_beads,LOCATED_AT,P53_has_former_or_current_location,S4,S4 line 7793,explicit_pattern_match,0.75,"Pattern-matched sentence: ""duced, interspersed with other areas yielding a variety Thus, although D site is located at about the same of stone tools, Classical and Lat..."""
place_d_site_kidane_mehret,object_glass,LOCATED_AT,P53_has_former_or_current_location,S4,S4 line 7793,explicit_pattern_match,0.75,"Pattern-matched sentence: ""duced, interspersed with other areas yielding a variety Thus, although D site is located at about the same of stone tools, Classical and Lat..."""
place_aksum,place_dungur,LOCATED_AT,P53_has_former_or_current_location,S4,S4 line 7793,explicit_pattern_match,0.75,"Pattern-matched sentence: ""duced, interspersed with other areas yielding a variety Thus, although D site is located at about the same of stone tools, Classical and Lat..."""
place_aksum,place_gobedra,LOCATED_AT,P53_has_former_or_current_location,S4,S4 line 7793,explicit_pattern_match,0.75,"Pattern-matched sentence: ""duced, interspersed with other areas yielding a variety Thus, although D site is located at about the same of stone tools, Classical and Lat..."""
place_aksum,place_beta_giyorgis,LOCATED_AT,P53_has_former_or_current_location,S4,S4 line 7793,explicit_pattern_match,0.75,"Pattern-matched sentence: ""duced, interspersed with other areas yielding a variety Thus, although D site is located at about the same of stone tools, Classical and Lat..."""
place_aksum,period_late_aksumite,LOCATED_AT,P53_has_former_or_current_location,S4,S4 line 7793,explicit_pattern_match,0.75,"Pattern-matched sentence: ""duced, interspersed with other areas yielding a variety Thus, although D site is located at about the same of stone tools, Classical and Lat..."""
place_aksum,period_aksumite,LOCATED_AT,P53_has_former_or_current_location,S4,S4 line 7793,explicit_pattern_match,0.75,"Pattern-matched sentence: ""duced, interspersed with other areas yielding a variety Thus, although D site is located at about the same of stone tools, Classical and Lat..."""
place_aksum,object_beads,LOCATED_AT,P53_has_former_or_current_location,S4,S4 line 7793,explicit_pattern_match,0.75,"Pattern-matched sentence: ""duced, interspersed with other areas yielding a variety Thus, although D site is located at about the same of stone tools, Classical and Lat..."""
place_aksum,object_glass,LOCATED_AT,P53_has_former_or_current_location,S4,S4 line 7793,explicit_pattern_match,0.75,"Pattern-matched sentence: ""duced, interspersed with other areas yielding a variety Thus, although D site is located at about the same of stone tools, Classical and Lat..."""
place_dungur,place_gobedra,LOCATED_AT,P53_has_former_or_current_location,S4,S4 line 7793,explicit_pattern_match,0.75,"Pattern-matched sentence: ""duced, interspersed with other areas yielding a variety Thus, although D site is located at about the same of stone tools, Classical and Lat..."""
place_dungur,place_beta_giyorgis,LOCATED_AT,P53_has_former_or_current_location,S4,S4 line 7793,explicit_pattern_match,0.75,"Pattern-matched sentence: ""duced, interspersed with other areas yielding a variety Thus, although D site is located at about the same of stone tools, Classical and Lat..."""
place_dungur,period_late_aksumite,LOCATED_AT,P53_has_former_or_current_location,S4,S4 line 7793,explicit_pattern_match,0.75,"Pattern-matched sentence: ""duced, interspersed with other areas yielding a variety Thus, although D site is located at about the same of stone tools, Classical and Lat..."""
place_dungur,period_aksumite,LOCATED_AT,P53_has_former_or_current_location,S4,S4 line 7793,explicit_pattern_match,0.75,"Pattern-matched sentence: ""duced, interspersed with other areas yielding a variety Thus, although D site is located at about the same of stone tools, Classical and Lat..."""
place_dungur,object_beads,LOCATED_AT,P53_has_former_or_current_location,S4,S4 line 7793,explicit_pattern_match,0.75,"Pattern-matched sentence: ""duced, interspersed with other areas yielding a variety Thus, although D site is located at about the same of stone tools, Classical and Lat..."""
place_dungur,object_glass,LOCATED_AT,P53_has_former_or_current_location,S4,S4 line 7793,explicit_pattern_match,0.75,"Pattern-matched sentence: ""duced, interspersed with other areas yielding a variety Thus, although D site is located at about the same of stone tools, Classical and Lat..."""
place_gobedra,place_beta_giyorgis,LOCATED_AT,P53_has_former_or_current_location,S4,S4 line 7793,explicit_pattern_match,0.75,"Pattern-matched sentence: ""duced, interspersed with other areas yielding a variety Thus, although D site is located at about the same of stone tools, Classical and Lat..."""
place_gobedra,period_late_aksumite,LOCATED_AT,P53_has_former_or_current_location,S4,S4 line 7793,explicit_pattern_match,0.75,"Pattern-matched sentence: ""duced, interspersed with other areas yielding a variety Thus, although D site is located at about the same of stone tools, Classical and Lat..."""
place_gobedra,period_aksumite,LOCATED_AT,P53_has_former_or_current_location,S4,S4 line 7793,explicit_pattern_match,0.75,"Pattern-matched sentence: ""duced, interspersed with other areas yielding a variety Thus, although D site is located at about the same of stone tools, Classical and Lat..."""
place_gobedra,object_beads,LOCATED_AT,P53_has_former_or_current_location,S4,S4 line 7793,explicit_pattern_match,0.75,"Pattern-matched sentence: ""duced, interspersed with other areas yielding a variety Thus, although D site is located at about the same of stone tools, Classical and Lat..."""
place_gobedra,object_glass,LOCATED_AT,P53_has_former_or_current_location,S4,S4 line 7793,explicit_pattern_match,0.75,"Pattern-matched sentence: ""duced, interspersed with other areas yielding a variety Thus, although D site is located at about the same of stone tools, Classical and Lat..."""
place_beta_giyorgis,period_late_aksumite,LOCATED_AT,P53_has_former_or_current_location,S4,S4 line 7793,explicit_pattern_match,0.75,"Pattern-matched sentence: ""duced, interspersed with other areas yielding a variety Thus, although D site is located at about the same of stone tools, Classical and Lat..."""
place_beta_giyorgis,object_beads,LOCATED_AT,P53_has_former_or_current_location,S4,S4 line 7793,explicit_pattern_match,0.75,"Pattern-matched sentence: ""duced, interspersed with other areas yielding a variety Thus, although D site is located at about the same of stone tools, Classical and Lat..."""
place_beta_giyorgis,object_glass,LOCATED_AT,P53_has_former_or_current_location,S4,S4 line 7793,explicit_pattern_match,0.75,"Pattern-matched sentence: ""duced, interspersed with other areas yielding a variety Thus, although D site is located at about the same of stone tools, Classical and Lat..."""
period_late_aksumite,period_aksumite,LOCATED_AT,P53_has_former_or_current_location,S4,S4 line 7793,explicit_pattern_match,0.75,"Pattern-matched sentence: ""duced, interspersed with other areas yielding a variety Thus, although D site is located at about the same of stone tools, Classical and Lat..."""
period_late_aksumite,object_beads,LOCATED_AT,P53_has_former_or_current_location,S4,S4 line 7793,explicit_pattern_match,0.75,"Pattern-matched sentence: ""duced, interspersed with other areas yielding a variety Thus, although D site is located at about the same of stone tools, Classical and Lat..."""
period_late_aksumite,object_glass,LOCATED_AT,P53_has_former_or_current_location,S4,S4 line 7793,explicit_pattern_match,0.75,"Pattern-matched sentence: ""duced, interspersed with other areas yielding a variety Thus, although D site is located at about the same of stone tools, Classical and Lat..."""
period_aksumite,object_beads,LOCATED_AT,P53_has_former_or_current_location,S4,S4 line 7793,explicit_pattern_match,0.75,"Pattern-matched sentence: ""duced, interspersed with other areas yielding a variety Thus, although D site is located at about the same of stone tools, Classical and Lat..."""
period_aksumite,object_glass,LOCATED_AT,P53_has_former_or_current_location,S4,S4 line 7793,explicit_pattern_match,0.75,"Pattern-matched sentence: ""duced, interspersed with other areas yielding a variety Thus, although D site is located at about the same of stone tools, Classical and Lat..."""
object_beads,object_glass,LOCATED_AT,P53_has_former_or_current_location,S4,S4 line 7793,explicit_pattern_match,0.75,"Pattern-matched sentence: ""duced, interspersed with other areas yielding a variety Thus, although D site is located at about the same of stone tools, Classical and Lat..."""
place_aksum,place_d_site_kidane_mehret,DATED_TO,P4_has_time-span,S4,S4 line 7889,explicit_pattern_match,0.8,"Pattern-matched sentence: ""Concluding Discussion beads and pendants but, apparently, few if any impor- which clearly date to the last few centuries BC or the ted items..."""
place_aksum,place_yeha,DATED_TO,P4_has_time-span,S4,S4 line 7889,explicit_pattern_match,0.8,"Pattern-matched sentence: ""Concluding Discussion beads and pendants but, apparently, few if any impor- which clearly date to the last few centuries BC or the ted items..."""
place_aksum,object_beads,DATED_TO,P4_has_time-span,S4,S4 line 7889,explicit_pattern_match,0.8,"Pattern-matched sentence: ""Concluding Discussion beads and pendants but, apparently, few if any impor- which clearly date to the last few centuries BC or the ted items..."""
place_aksum,object_pottery,DATED_TO,P4_has_time-span,S4,S4 line 7889,explicit_pattern_match,0.8,"Pattern-matched sentence: ""Concluding Discussion beads and pendants but, apparently, few if any impor- which clearly date to the last few centuries BC or the ted items..."""
place_d_site_kidane_mehret,place_yeha,DATED_TO,P4_has_time-span,S4,S4 line 7889,explicit_pattern_match,0.8,"Pattern-matched sentence: ""Concluding Discussion beads and pendants but, apparently, few if any impor- which clearly date to the last few centuries BC or the ted items..."""
place_d_site_kidane_mehret,place_adulis,DATED_TO,P4_has_time-span,S4,S4 line 7889,explicit_pattern_match,0.8,"Pattern-matched sentence: ""Concluding Discussion beads and pendants but, apparently, few if any impor- which clearly date to the last few centuries BC or the ted items..."""
place_d_site_kidane_mehret,object_beads,DATED_TO,P4_has_time-span,S4,S4 line 7889,explicit_pattern_match,0.8,"Pattern-matched sentence: ""Concluding Discussion beads and pendants but, apparently, few if any impor- which clearly date to the last few centuries BC or the ted items..."""
place_d_site_kidane_mehret,object_pottery,DATED_TO,P4_has_time-span,S4,S4 line 7889,explicit_pattern_match,0.8,"Pattern-matched sentence: ""Concluding Discussion beads and pendants but, apparently, few if any impor- which clearly date to the last few centuries BC or the ted items..."""
place_yeha,place_adulis,DATED_TO,P4_has_time-span,S4,S4 line 7889,explicit_pattern_match,0.8,"Pattern-matched sentence: ""Concluding Discussion beads and pendants but, apparently, few if any impor- which clearly date to the last few centuries BC or the ted items..."""
place_yeha,period_aksumite,DATED_TO,P4_has_time-span,S4,S4 line 7889,explicit_pattern_match,0.8,"Pattern-matched sentence: ""Concluding Discussion beads and pendants but, apparently, few if any impor- which clearly date to the last few centuries BC or the ted items..."""
place_yeha,object_beads,DATED_TO,P4_has_time-span,S4,S4 line 7889,explicit_pattern_match,0.8,"Pattern-matched sentence: ""Concluding Discussion beads and pendants but, apparently, few if any impor- which clearly date to the last few centuries BC or the ted items..."""
place_yeha,object_pottery,DATED_TO,P4_has_time-span,S4,S4 line 7889,explicit_pattern_match,0.8,"Pattern-matched sentence: ""Concluding Discussion beads and pendants but, apparently, few if any impor- which clearly date to the last few centuries BC or the ted items..."""
place_adulis,object_beads,DATED_TO,P4_has_time-span,S4,S4 line 7889,explicit_pattern_match,0.8,"Pattern-matched sentence: ""Concluding Discussion beads and pendants but, apparently, few if any impor- which clearly date to the last few centuries BC or the ted items..."""
place_adulis,object_pottery,DATED_TO,P4_has_time-span,S4,S4 line 7889,explicit_pattern_match,0.8,"Pattern-matched sentence: ""Concluding Discussion beads and pendants but, apparently, few if any impor- which clearly date to the last few centuries BC or the ted items..."""
period_aksumite,object_beads,DATED_TO,P4_has_time-span,S4,S4 line 7889,explicit_pattern_match,0.8,"Pattern-matched sentence: ""Concluding Discussion beads and pendants but, apparently, few if any impor- which clearly date to the last few centuries BC or the ted items..."""
object_beads,object_pottery,DATED_TO,P4_has_time-span,S4,S4 line 7889,explicit_pattern_match,0.8,"Pattern-matched sentence: ""Concluding Discussion beads and pendants but, apparently, few if any impor- which clearly date to the last few centuries BC or the ted items..."""
place_gudit_stelae_field,place_tomb_of_bazen,DATED_TO,P4_has_time-span,S4,S4 line 8000,explicit_pattern_match,0.8,"Pattern-matched sentence: ""of farming and carpentry, as well as weapons. The 2000) is dated to the Early Aksumite period. These burials in the Gudit Stelae Field thus ..."""
place_gudit_stelae_field,place_stelae_park,DATED_TO,P4_has_time-span,S4,S4 line 8000,explicit_pattern_match,0.8,"Pattern-matched sentence: ""of farming and carpentry, as well as weapons. The 2000) is dated to the Early Aksumite period. These burials in the Gudit Stelae Field thus ..."""
place_gudit_stelae_field,place_tomb_of_the_brick_arches,DATED_TO,P4_has_time-span,S4,S4 line 8000,explicit_pattern_match,0.8,"Pattern-matched sentence: ""of farming and carpentry, as well as weapons. The 2000) is dated to the Early Aksumite period. These burials in the Gudit Stelae Field thus ..."""
place_gudit_stelae_field,place_tomb_of_the_false_door,DATED_TO,P4_has_time-span,S4,S4 line 8000,explicit_pattern_match,0.8,"Pattern-matched sentence: ""of farming and carpentry, as well as weapons. The 2000) is dated to the Early Aksumite period. These burials in the Gudit Stelae Field thus ..."""
place_gudit_stelae_field,place_mausoleum,DATED_TO,P4_has_time-span,S4,S4 line 8000,explicit_pattern_match,0.8,"Pattern-matched sentence: ""of farming and carpentry, as well as weapons. The 2000) is dated to the Early Aksumite period. These burials in the Gudit Stelae Field thus ..."""
place_gudit_stelae_field,person_king_kaleb,DATED_TO,P4_has_time-span,S4,S4 line 8000,explicit_pattern_match,0.8,"Pattern-matched sentence: ""of farming and carpentry, as well as weapons. The 2000) is dated to the Early Aksumite period. These burials in the Gudit Stelae Field thus ..."""
place_gudit_stelae_field,period_early_aksumite,DATED_TO,P4_has_time-span,S4,S4 line 8000,explicit_pattern_match,0.8,"Pattern-matched sentence: ""of farming and carpentry, as well as weapons. The 2000) is dated to the Early Aksumite period. These burials in the Gudit Stelae Field thus ..."""
place_gudit_stelae_field,period_aksumite,DATED_TO,P4_has_time-span,S4,S4 line 8000,explicit_pattern_match,0.8,"Pattern-matched sentence: ""of farming and carpentry, as well as weapons. The 2000) is dated to the Early Aksumite period. These burials in the Gudit Stelae Field thus ..."""
place_gudit_stelae_field,period_late_aksumite,DATED_TO,P4_has_time-span,S4,S4 line 8000,explicit_pattern_match,0.8,"Pattern-matched sentence: ""of farming and carpentry, as well as weapons. The 2000) is dated to the Early Aksumite period. These burials in the Gudit Stelae Field thus ..."""
place_gudit_stelae_field,object_stelae,DATED_TO,P4_has_time-span,S4,S4 line 8000,explicit_pattern_match,0.8,"Pattern-matched sentence: ""of farming and carpentry, as well as weapons. The 2000) is dated to the Early Aksumite period. These burials in the Gudit Stelae Field thus ..."""
place_tomb_of_bazen,place_stelae_park,DATED_TO,P4_has_time-span,S4,S4 line 8000,explicit_pattern_match,0.8,"Pattern-matched sentence: ""of farming and carpentry, as well as weapons. The 2000) is dated to the Early Aksumite period. These burials in the Gudit Stelae Field thus ..."""
place_tomb_of_bazen,place_tomb_of_the_brick_arches,DATED_TO,P4_has_time-span,S4,S4 line 8000,explicit_pattern_match,0.8,"Pattern-matched sentence: ""of farming and carpentry, as well as weapons. The 2000) is dated to the Early Aksumite period. These burials in the Gudit Stelae Field thus ..."""
place_tomb_of_bazen,place_tomb_of_the_false_door,DATED_TO,P4_has_time-span,S4,S4 line 8000,explicit_pattern_match,0.8,"Pattern-matched sentence: ""of farming and carpentry, as well as weapons. The 2000) is dated to the Early Aksumite period. These burials in the Gudit Stelae Field thus ..."""
place_tomb_of_bazen,place_mausoleum,DATED_TO,P4_has_time-span,S4,S4 line 8000,explicit_pattern_match,0.8,"Pattern-matched sentence: ""of farming and carpentry, as well as weapons. The 2000) is dated to the Early Aksumite period. These burials in the Gudit Stelae Field thus ..."""
place_tomb_of_bazen,person_king_kaleb,DATED_TO,P4_has_time-span,S4,S4 line 8000,explicit_pattern_match,0.8,"Pattern-matched sentence: ""of farming and carpentry, as well as weapons. The 2000) is dated to the Early Aksumite period. These burials in the Gudit Stelae Field thus ..."""
place_tomb_of_bazen,period_early_aksumite,DATED_TO,P4_has_time-span,S4,S4 line 8000,explicit_pattern_match,0.8,"Pattern-matched sentence: ""of farming and carpentry, as well as weapons. The 2000) is dated to the Early Aksumite period. These burials in the Gudit Stelae Field thus ..."""
place_tomb_of_bazen,period_aksumite,DATED_TO,P4_has_time-span,S4,S4 line 8000,explicit_pattern_match,0.8,"Pattern-matched sentence: ""of farming and carpentry, as well as weapons. The 2000) is dated to the Early Aksumite period. These burials in the Gudit Stelae Field thus ..."""
place_tomb_of_bazen,period_late_aksumite,DATED_TO,P4_has_time-span,S4,S4 line 8000,explicit_pattern_match,0.8,"Pattern-matched sentence: ""of farming and carpentry, as well as weapons. The 2000) is dated to the Early Aksumite period. These burials in the Gudit Stelae Field thus ..."""
place_tomb_of_bazen,object_stelae,DATED_TO,P4_has_time-span,S4,S4 line 8000,explicit_pattern_match,0.8,"Pattern-matched sentence: ""of farming and carpentry, as well as weapons. The 2000) is dated to the Early Aksumite period. These burials in the Gudit Stelae Field thus ..."""
place_stelae_park,place_tomb_of_the_brick_arches,DATED_TO,P4_has_time-span,S4,S4 line 8000,explicit_pattern_match,0.8,"Pattern-matched sentence: ""of farming and carpentry, as well as weapons. The 2000) is dated to the Early Aksumite period. These burials in the Gudit Stelae Field thus ..."""
place_stelae_park,place_tomb_of_the_false_door,DATED_TO,P4_has_time-span,S4,S4 line 8000,explicit_pattern_match,0.8,"Pattern-matched sentence: ""of farming and carpentry, as well as weapons. The 2000) is dated to the Early Aksumite period. These burials in the Gudit Stelae Field thus ..."""
place_stelae_park,place_mausoleum,DATED_TO,P4_has_time-span,S4,S4 line 8000,explicit_pattern_match,0.8,"Pattern-matched sentence: ""of farming and carpentry, as well as weapons. The 2000) is dated to the Early Aksumite period. These burials in the Gudit Stelae Field thus ..."""
place_stelae_park,person_king_kaleb,DATED_TO,P4_has_time-span,S4,S4 line 8000,explicit_pattern_match,0.8,"Pattern-matched sentence: ""of farming and carpentry, as well as weapons. The 2000) is dated to the Early Aksumite period. These burials in the Gudit Stelae Field thus ..."""
place_stelae_park,period_early_aksumite,DATED_TO,P4_has_time-span,S4,S4 line 8000,explicit_pattern_match,0.8,"Pattern-matched sentence: ""of farming and carpentry, as well as weapons. The 2000) is dated to the Early Aksumite period. These burials in the Gudit Stelae Field thus ..."""
place_stelae_park,period_aksumite,DATED_TO,P4_has_time-span,S4,S4 line 8000,explicit_pattern_match,0.8,"Pattern-matched sentence: ""of farming and carpentry, as well as weapons. The 2000) is dated to the Early Aksumite period. These burials in the Gudit Stelae Field thus ..."""
place_stelae_park,period_late_aksumite,DATED_TO,P4_has_time-span,S4,S4 line 8000,explicit_pattern_match,0.8,"Pattern-matched sentence: ""of farming and carpentry, as well as weapons. The 2000) is dated to the Early Aksumite period. These burials in the Gudit Stelae Field thus ..."""
place_stelae_park,object_stelae,DATED_TO,P4_has_time-span,S4,S4 line 8000,explicit_pattern_match,0.8,"Pattern-matched sentence: ""of farming and carpentry, as well as weapons. The 2000) is dated to the Early Aksumite period. These burials in the Gudit Stelae Field thus ..."""
place_tomb_of_the_brick_arches,place_tomb_of_the_false_door,DATED_TO,P4_has_time-span,S4,S4 line 8000,explicit_pattern_match,0.8,"Pattern-matched sentence: ""of farming and carpentry, as well as weapons. The 2000) is dated to the Early Aksumite period. These burials in the Gudit Stelae Field thus ..."""
place_tomb_of_the_brick_arches,place_mausoleum,DATED_TO,P4_has_time-span,S4,S4 line 8000,explicit_pattern_match,0.8,"Pattern-matched sentence: ""of farming and carpentry, as well as weapons. The 2000) is dated to the Early Aksumite period. These burials in the Gudit Stelae Field thus ..."""
place_tomb_of_the_brick_arches,person_king_kaleb,DATED_TO,P4_has_time-span,S4,S4 line 8000,explicit_pattern_match,0.8,"Pattern-matched sentence: ""of farming and carpentry, as well as weapons. The 2000) is dated to the Early Aksumite period. These burials in the Gudit Stelae Field thus ..."""
place_tomb_of_the_brick_arches,period_early_aksumite,DATED_TO,P4_has_time-span,S4,S4 line 8000,explicit_pattern_match,0.8,"Pattern-matched sentence: ""of farming and carpentry, as well as weapons. The 2000) is dated to the Early Aksumite period. These burials in the Gudit Stelae Field thus ..."""
place_tomb_of_the_brick_arches,object_stelae,DATED_TO,P4_has_time-span,S4,S4 line 8000,explicit_pattern_match,0.8,"Pattern-matched sentence: ""of farming and carpentry, as well as weapons. The 2000) is dated to the Early Aksumite period. These burials in the Gudit Stelae Field thus ..."""
place_tomb_of_the_false_door,place_mausoleum,DATED_TO,P4_has_time-span,S4,S4 line 8000,explicit_pattern_match,0.8,"Pattern-matched sentence: ""of farming and carpentry, as well as weapons. The 2000) is dated to the Early Aksumite period. These burials in the Gudit Stelae Field thus ..."""
place_tomb_of_the_false_door,person_king_kaleb,DATED_TO,P4_has_time-span,S4,S4 line 8000,explicit_pattern_match,0.8,"Pattern-matched sentence: ""of farming and carpentry, as well as weapons. The 2000) is dated to the Early Aksumite period. These burials in the Gudit Stelae Field thus ..."""
place_tomb_of_the_false_door,period_early_aksumite,DATED_TO,P4_has_time-span,S4,S4 line 8000,explicit_pattern_match,0.8,"Pattern-matched sentence: ""of farming and carpentry, as well as weapons. The 2000) is dated to the Early Aksumite period. These burials in the Gudit Stelae Field thus ..."""
place_tomb_of_the_false_door,period_aksumite,DATED_TO,P4_has_time-span,S4,S4 line 8000,explicit_pattern_match,0.8,"Pattern-matched sentence: ""of farming and carpentry, as well as weapons. The 2000) is dated to the Early Aksumite period. These burials in the Gudit Stelae Field thus ..."""
place_tomb_of_the_false_door,period_late_aksumite,DATED_TO,P4_has_time-span,S4,S4 line 8000,explicit_pattern_match,0.8,"Pattern-matched sentence: ""of farming and carpentry, as well as weapons. The 2000) is dated to the Early Aksumite period. These burials in the Gudit Stelae Field thus ..."""
place_tomb_of_the_false_door,object_stelae,DATED_TO,P4_has_time-span,S4,S4 line 8000,explicit_pattern_match,0.8,"Pattern-matched sentence: ""of farming and carpentry, as well as weapons. The 2000) is dated to the Early Aksumite period. These burials in the Gudit Stelae Field thus ..."""
place_mausoleum,person_king_kaleb,DATED_TO,P4_has_time-span,S4,S4 line 8000,explicit_pattern_match,0.8,"Pattern-matched sentence: ""of farming and carpentry, as well as weapons. The 2000) is dated to the Early Aksumite period. These burials in the Gudit Stelae Field thus ..."""
place_mausoleum,period_early_aksumite,DATED_TO,P4_has_time-span,S4,S4 line 8000,explicit_pattern_match,0.8,"Pattern-matched sentence: ""of farming and carpentry, as well as weapons. The 2000) is dated to the Early Aksumite period. These burials in the Gudit Stelae Field thus ..."""
place_mausoleum,period_aksumite,DATED_TO,P4_has_time-span,S4,S4 line 8000,explicit_pattern_match,0.8,"Pattern-matched sentence: ""of farming and carpentry, as well as weapons. The 2000) is dated to the Early Aksumite period. These burials in the Gudit Stelae Field thus ..."""
place_mausoleum,period_late_aksumite,DATED_TO,P4_has_time-span,S4,S4 line 8000,explicit_pattern_match,0.8,"Pattern-matched sentence: ""of farming and carpentry, as well as weapons. The 2000) is dated to the Early Aksumite period. These burials in the Gudit Stelae Field thus ..."""
place_mausoleum,object_stelae,DATED_TO,P4_has_time-span,S4,S4 line 8000,explicit_pattern_match,0.8,"Pattern-matched sentence: ""of farming and carpentry, as well as weapons. The 2000) is dated to the Early Aksumite period. These burials in the Gudit Stelae Field thus ..."""
person_king_kaleb,period_early_aksumite,DATED_TO,P4_has_time-span,S4,S4 line 8000,explicit_pattern_match,0.8,"Pattern-matched sentence: ""of farming and carpentry, as well as weapons. The 2000) is dated to the Early Aksumite period. These burials in the Gudit Stelae Field thus ..."""
person_king_kaleb,period_aksumite,DATED_TO,P4_has_time-span,S4,S4 line 8000,explicit_pattern_match,0.8,"Pattern-matched sentence: ""of farming and carpentry, as well as weapons. The 2000) is dated to the Early Aksumite period. These burials in the Gudit Stelae Field thus ..."""
person_king_kaleb,period_late_aksumite,DATED_TO,P4_has_time-span,S4,S4 line 8000,explicit_pattern_match,0.8,"Pattern-matched sentence: ""of farming and carpentry, as well as weapons. The 2000) is dated to the Early Aksumite period. These burials in the Gudit Stelae Field thus ..."""
person_king_kaleb,object_stelae,DATED_TO,P4_has_time-span,S4,S4 line 8000,explicit_pattern_match,0.8,"Pattern-matched sentence: ""of farming and carpentry, as well as weapons. The 2000) is dated to the Early Aksumite period. These burials in the Gudit Stelae Field thus ..."""
period_early_aksumite,period_late_aksumite,DATED_TO,P4_has_time-span,S4,S4 line 8000,explicit_pattern_match,0.8,"Pattern-matched sentence: ""of farming and carpentry, as well as weapons. The 2000) is dated to the Early Aksumite period. These burials in the Gudit Stelae Field thus ..."""
period_early_aksumite,object_stelae,DATED_TO,P4_has_time-span,S4,S4 line 8000,explicit_pattern_match,0.8,"Pattern-matched sentence: ""of farming and carpentry, as well as weapons. The 2000) is dated to the Early Aksumite period. These burials in the Gudit Stelae Field thus ..."""
place_stelae_park,place_aksum,DATED_TO,P4_has_time-span,S4,S4 line 8041,explicit_pattern_match,0.8,"Pattern-matched sentence: ""the fourth century AD. No revisions are therefore of- The most probable explanation of all these fered to the picture obtained during Chitti..."""
place_aksum,object_stelae,DATED_TO,P4_has_time-span,S4,S4 line 8041,explicit_pattern_match,0.8,"Pattern-matched sentence: ""the fourth century AD. No revisions are therefore of- The most probable explanation of all these fered to the picture obtained during Chitti..."""
place_stelae_park,place_aksum,FOUND_AT,P7_took_place_at,S4,S4 line 8198,explicit_pattern_match,0.8,"Pattern-matched sentence: ""now the Stelae Park is considered more fully in Ap- While in Proto-Aksumite times external conpendix XII. nections seem primarily to have be..."""
place_stelae_park,place_tomb_of_the_brick_arches,FOUND_AT,P7_took_place_at,S4,S4 line 8198,explicit_pattern_match,0.8,"Pattern-matched sentence: ""now the Stelae Park is considered more fully in Ap- While in Proto-Aksumite times external conpendix XII. nections seem primarily to have be..."""
place_stelae_park,period_aksumite,FOUND_AT,P7_took_place_at,S4,S4 line 8198,explicit_pattern_match,0.8,"Pattern-matched sentence: ""now the Stelae Park is considered more fully in Ap- While in Proto-Aksumite times external conpendix XII. nections seem primarily to have be..."""
place_stelae_park,object_stelae,FOUND_AT,P7_took_place_at,S4,S4 line 8198,explicit_pattern_match,0.8,"Pattern-matched sentence: ""now the Stelae Park is considered more fully in Ap- While in Proto-Aksumite times external conpendix XII. nections seem primarily to have be..."""
place_stelae_park,object_beads,FOUND_AT,P7_took_place_at,S4,S4 line 8198,explicit_pattern_match,0.8,"Pattern-matched sentence: ""now the Stelae Park is considered more fully in Ap- While in Proto-Aksumite times external conpendix XII. nections seem primarily to have be..."""
place_stelae_park,object_glass,FOUND_AT,P7_took_place_at,S4,S4 line 8198,explicit_pattern_match,0.8,"Pattern-matched sentence: ""now the Stelae Park is considered more fully in Ap- While in Proto-Aksumite times external conpendix XII. nections seem primarily to have be..."""
place_stelae_park,object_ivory,FOUND_AT,P7_took_place_at,S4,S4 line 8198,explicit_pattern_match,0.8,"Pattern-matched sentence: ""now the Stelae Park is considered more fully in Ap- While in Proto-Aksumite times external conpendix XII. nections seem primarily to have be..."""
place_aksum,place_tomb_of_the_brick_arches,FOUND_AT,P7_took_place_at,S4,S4 line 8198,explicit_pattern_match,0.8,"Pattern-matched sentence: ""now the Stelae Park is considered more fully in Ap- While in Proto-Aksumite times external conpendix XII. nections seem primarily to have be..."""
place_aksum,object_ivory,FOUND_AT,P7_took_place_at,S4,S4 line 8198,explicit_pattern_match,0.8,"Pattern-matched sentence: ""now the Stelae Park is considered more fully in Ap- While in Proto-Aksumite times external conpendix XII. nections seem primarily to have be..."""
place_tomb_of_the_brick_arches,object_stelae,FOUND_AT,P7_took_place_at,S4,S4 line 8198,explicit_pattern_match,0.8,"Pattern-matched sentence: ""now the Stelae Park is considered more fully in Ap- While in Proto-Aksumite times external conpendix XII. nections seem primarily to have be..."""
place_tomb_of_the_brick_arches,object_beads,FOUND_AT,P7_took_place_at,S4,S4 line 8198,explicit_pattern_match,0.8,"Pattern-matched sentence: ""now the Stelae Park is considered more fully in Ap- While in Proto-Aksumite times external conpendix XII. nections seem primarily to have be..."""
place_tomb_of_the_brick_arches,object_glass,FOUND_AT,P7_took_place_at,S4,S4 line 8198,explicit_pattern_match,0.8,"Pattern-matched sentence: ""now the Stelae Park is considered more fully in Ap- While in Proto-Aksumite times external conpendix XII. nections seem primarily to have be..."""
place_tomb_of_the_brick_arches,object_ivory,FOUND_AT,P7_took_place_at,S4,S4 line 8198,explicit_pattern_match,0.8,"Pattern-matched sentence: ""now the Stelae Park is considered more fully in Ap- While in Proto-Aksumite times external conpendix XII. nections seem primarily to have be..."""
period_aksumite,object_stelae,FOUND_AT,P7_took_place_at,S4,S4 line 8198,explicit_pattern_match,0.8,"Pattern-matched sentence: ""now the Stelae Park is considered more fully in Ap- While in Proto-Aksumite times external conpendix XII. nections seem primarily to have be..."""
period_aksumite,object_ivory,FOUND_AT,P7_took_place_at,S4,S4 line 8198,explicit_pattern_match,0.8,"Pattern-matched sentence: ""now the Stelae Park is considered more fully in Ap- While in Proto-Aksumite times external conpendix XII. nections seem primarily to have be..."""
object_stelae,object_beads,FOUND_AT,P7_took_place_at,S4,S4 line 8198,explicit_pattern_match,0.8,"Pattern-matched sentence: ""now the Stelae Park is considered more fully in Ap- While in Proto-Aksumite times external conpendix XII. nections seem primarily to have be..."""
object_stelae,object_glass,FOUND_AT,P7_took_place_at,S4,S4 line 8198,explicit_pattern_match,0.8,"Pattern-matched sentence: ""now the Stelae Park is considered more fully in Ap- While in Proto-Aksumite times external conpendix XII. nections seem primarily to have be..."""
object_stelae,object_ivory,FOUND_AT,P7_took_place_at,S4,S4 line 8198,explicit_pattern_match,0.8,"Pattern-matched sentence: ""now the Stelae Park is considered more fully in Ap- While in Proto-Aksumite times external conpendix XII. nections seem primarily to have be..."""
object_beads,object_glass,FOUND_AT,P7_took_place_at,S4,S4 line 8198,explicit_pattern_match,0.8,"Pattern-matched sentence: ""now the Stelae Park is considered more fully in Ap- While in Proto-Aksumite times external conpendix XII. nections seem primarily to have be..."""
object_beads,object_ivory,FOUND_AT,P7_took_place_at,S4,S4 line 8198,explicit_pattern_match,0.8,"Pattern-matched sentence: ""now the Stelae Park is considered more fully in Ap- While in Proto-Aksumite times external conpendix XII. nections seem primarily to have be..."""
object_glass,object_ivory,FOUND_AT,P7_took_place_at,S4,S4 line 8198,explicit_pattern_match,0.8,"Pattern-matched sentence: ""now the Stelae Park is considered more fully in Ap- While in Proto-Aksumite times external conpendix XII. nections seem primarily to have be..."""
place_d_site_kidane_mehret,object_ivory,DATED_TO,P4_has_time-span,S4,S4 line 8209,explicit_pattern_match,0.8,"Pattern-matched sentence: ""areas (e.g. parts of Late Aksumite D site) obtained The Periplus of the Erythraean Sea (Casson animal products through subsistence-level her..."""
place_k_site_maleke_aksum,object_ivory,DATED_TO,P4_has_time-span,S4,S4 line 8209,explicit_pattern_match,0.8,"Pattern-matched sentence: ""areas (e.g. parts of Late Aksumite D site) obtained The Periplus of the Erythraean Sea (Casson animal products through subsistence-level her..."""
period_late_aksumite,object_ivory,DATED_TO,P4_has_time-span,S4,S4 line 8209,explicit_pattern_match,0.8,"Pattern-matched sentence: ""areas (e.g. parts of Late Aksumite D site) obtained The Periplus of the Erythraean Sea (Casson animal products through subsistence-level her..."""
period_aksumite,period_pre_aksumite,DATED_TO,P4_has_time-span,S4,S4 line 8209,explicit_pattern_match,0.8,"Pattern-matched sentence: ""areas (e.g. parts of Late Aksumite D site) obtained The Periplus of the Erythraean Sea (Casson animal products through subsistence-level her..."""
period_pre_aksumite,object_ivory,DATED_TO,P4_has_time-span,S4,S4 line 8209,explicit_pattern_match,0.8,"Pattern-matched sentence: ""areas (e.g. parts of Late Aksumite D site) obtained The Periplus of the Erythraean Sea (Casson animal products through subsistence-level her..."""
place_mausoleum,object_bronze,MADE_OF,P45_consists_of,S4,S4 line 8824,explicit_pattern_match,0.75,"Pattern-matched sentence: ""percentages which are mentioned below should be re- The items investigated represent a variety of garded as being very approximate, bearing ..."""
place_mausoleum,object_gold,MADE_OF,P45_consists_of,S4,S4 line 8824,explicit_pattern_match,0.75,"Pattern-matched sentence: ""percentages which are mentioned below should be re- The items investigated represent a variety of garded as being very approximate, bearing ..."""
object_bronze,object_gold,MADE_OF,P45_consists_of,S4,S4 line 8824,explicit_pattern_match,0.75,"Pattern-matched sentence: ""percentages which are mentioned below should be re- The items investigated represent a variety of garded as being very approximate, bearing ..."""
object_gold,object_iron,MADE_OF,P45_consists_of,S4,S4 line 8925,explicit_pattern_match,0.75,"Pattern-matched sentence: ""and malachite corrosion suggested that it was made of Corrosion on nail M/199\ contained copper copper. The metallography also showed that t..."""
object_gold,object_silver,MADE_OF,P45_consists_of,S4,S4 line 8925,explicit_pattern_match,0.75,"Pattern-matched sentence: ""and malachite corrosion suggested that it was made of Corrosion on nail M/199\ contained copper copper. The metallography also showed that t..."""
object_iron,object_silver,MADE_OF,P45_consists_of,S4,S4 line 8925,explicit_pattern_match,0.75,"Pattern-matched sentence: ""and malachite corrosion suggested that it was made of Corrosion on nail M/199\ contained copper copper. The metallography also showed that t..."""
object_gold,object_bronze,FOUND_AT,P7_took_place_at,S4,S4 line 8949,explicit_pattern_match,0.8,"Pattern-matched sentence: ""Ring Nails and tacks A ring (M/547\) is totally corroded but a high level of Two nails, M/197\ and M/200\ (Fig. 178c), appear to tin was fou..."""
place_tomb_of_the_brick_arches,place_mausoleum,MADE_OF,P45_consists_of,S4,S4 line 9195,explicit_pattern_match,0.75,"Pattern-matched sentence: ""chine employing a combination of flotation for retrie- The number and level of identifications val of plant material as 1.0 and 0.3 mm flots..."""
place_tomb_of_the_brick_arches,place_gudit_stelae_field,MADE_OF,P45_consists_of,S4,S4 line 9195,explicit_pattern_match,0.75,"Pattern-matched sentence: ""chine employing a combination of flotation for retrie- The number and level of identifications val of plant material as 1.0 and 0.3 mm flots..."""
place_tomb_of_the_brick_arches,object_stelae,MADE_OF,P45_consists_of,S4,S4 line 9195,explicit_pattern_match,0.75,"Pattern-matched sentence: ""chine employing a combination of flotation for retrie- The number and level of identifications val of plant material as 1.0 and 0.3 mm flots..."""
place_tomb_of_the_brick_arches,object_ivory,MADE_OF,P45_consists_of,S4,S4 line 9195,explicit_pattern_match,0.75,"Pattern-matched sentence: ""chine employing a combination of flotation for retrie- The number and level of identifications val of plant material as 1.0 and 0.3 mm flots..."""
place_mausoleum,place_gudit_stelae_field,MADE_OF,P45_consists_of,S4,S4 line 9195,explicit_pattern_match,0.75,"Pattern-matched sentence: ""chine employing a combination of flotation for retrie- The number and level of identifications val of plant material as 1.0 and 0.3 mm flots..."""
place_mausoleum,object_stelae,MADE_OF,P45_consists_of,S4,S4 line 9195,explicit_pattern_match,0.75,"Pattern-matched sentence: ""chine employing a combination of flotation for retrie- The number and level of identifications val of plant material as 1.0 and 0.3 mm flots..."""
place_mausoleum,object_ivory,MADE_OF,P45_consists_of,S4,S4 line 9195,explicit_pattern_match,0.75,"Pattern-matched sentence: ""chine employing a combination of flotation for retrie- The number and level of identifications val of plant material as 1.0 and 0.3 mm flots..."""
place_gudit_stelae_field,object_stelae,MADE_OF,P45_consists_of,S4,S4 line 9195,explicit_pattern_match,0.75,"Pattern-matched sentence: ""chine employing a combination of flotation for retrie- The number and level of identifications val of plant material as 1.0 and 0.3 mm flots..."""
place_gudit_stelae_field,object_ivory,MADE_OF,P45_consists_of,S4,S4 line 9195,explicit_pattern_match,0.75,"Pattern-matched sentence: ""chine employing a combination of flotation for retrie- The number and level of identifications val of plant material as 1.0 and 0.3 mm flots..."""
object_stelae,object_ivory,MADE_OF,P45_consists_of,S4,S4 line 9195,explicit_pattern_match,0.75,"Pattern-matched sentence: ""chine employing a combination of flotation for retrie- The number and level of identifications val of plant material as 1.0 and 0.3 mm flots..."""
place_aksum,place_mausoleum,MADE_OF,P45_consists_of,S4,S4 line 9292,explicit_pattern_match,0.75,"Pattern-matched sentence: ""study of material from the K and D sites in order to Since it was not permissible to remove speobtain information on the domestic economy of..."""
place_aksum,place_stelae_park,DATED_TO,P4_has_time-span,S4,S4 line 9691,explicit_pattern_match,0.8,"Pattern-matched sentence: ""Archaeology at Aksum no relationship to the former extent of a cemetery: it recovered in the upper levels (p. 156, above), demonsmay be that..."""
