source,target,relationship,co_mention_count,source_document,source_locator,notes
place_aksum,place_beta_giyorgis,CO_OCCURS_WITH,3,S1,S1 line 1,"No explicit relation verb found; same-sentence co-occurrence only. LOW CONFIDENCE, not a claimed relation."
place_aksum,place_lalibela,CO_OCCURS_WITH,1,S1,S1 line 1,"No explicit relation verb found; same-sentence co-occurrence only. LOW CONFIDENCE, not a claimed relation."
place_aksum,person_kathryn_bard,CO_OCCURS_WITH,2,S1,S1 line 1,"No explicit relation verb found; same-sentence co-occurrence only. LOW CONFIDENCE, not a claimed relation."
place_aksum,person_king_ezana,CO_OCCURS_WITH,2,S1,S1 line 1,"No explicit relation verb found; same-sentence co-occurrence only. LOW CONFIDENCE, not a claimed relation."
place_aksum,person_king_kaleb,CO_OCCURS_WITH,3,S1,S1 line 1,"No explicit relation verb found; same-sentence co-occurrence only. LOW CONFIDENCE, not a claimed relation."
place_aksum,person_david_w_phillipson,CO_OCCURS_WITH,1,S1,S1 line 1,"No explicit relation verb found; same-sentence co-occurrence only. LOW CONFIDENCE, not a claimed relation."
place_aksum,person_rodolfo_fattovich,CO_OCCURS_WITH,1,S1,S1 line 1,"No explicit relation verb found; same-sentence co-occurrence only. LOW CONFIDENCE, not a claimed relation."
place_aksum,period_zagwe_period,CO_OCCURS_WITH,1,S1,S1 line 1,"No explicit relation verb found; same-sentence co-occurrence only. LOW CONFIDENCE, not a claimed relation."
place_aksum,period_aksumite,CO_OCCURS_WITH,5,S1,S1 line 1,"No explicit relation verb found; same-sentence co-occurrence only. LOW CONFIDENCE, not a claimed relation."
place_aksum,object_coin,CO_OCCURS_WITH,1,S1,S1 line 1,"No explicit relation verb found; same-sentence co-occurrence only. LOW CONFIDENCE, not a claimed relation."
place_aksum,object_inscription,CO_OCCURS_WITH,1,S1,S1 line 1,"No explicit relation verb found; same-sentence co-occurrence only. LOW CONFIDENCE, not a claimed relation."
place_aksum,object_stelae,CO_OCCURS_WITH,5,S1,S1 line 1,"No explicit relation verb found; same-sentence co-occurrence only. LOW CONFIDENCE, not a claimed relation."
place_aksum,object_coins,CO_OCCURS_WITH,3,S1,S1 line 1,"No explicit relation verb found; same-sentence co-occurrence only. LOW CONFIDENCE, not a claimed relation."
place_aksum,object_gold,CO_OCCURS_WITH,1,S1,S1 line 1,"No explicit relation verb found; same-sentence co-occurrence only. LOW CONFIDENCE, not a claimed relation."
place_aksum,object_ivory,CO_OCCURS_WITH,3,S1,S1 line 1,"No explicit relation verb found; same-sentence co-occurrence only. LOW CONFIDENCE, not a claimed relation."
place_aksum,object_silver,CO_OCCURS_WITH,1,S1,S1 line 1,"No explicit relation verb found; same-sentence co-occurrence only. LOW CONFIDENCE, not a claimed relation."
place_aksum,object_pottery,CO_OCCURS_WITH,3,S1,S1 line 1,"No explicit relation verb found; same-sentence co-occurrence only. LOW CONFIDENCE, not a claimed relation."
place_beta_giyorgis,place_lalibela,CO_OCCURS_WITH,1,S1,S1 line 1,"No explicit relation verb found; same-sentence co-occurrence only. LOW CONFIDENCE, not a claimed relation."
place_beta_giyorgis,person_kathryn_bard,CO_OCCURS_WITH,3,S1,S1 line 1,"No explicit relation verb found; same-sentence co-occurrence only. LOW CONFIDENCE, not a claimed relation."
place_beta_giyorgis,person_king_ezana,CO_OCCURS_WITH,1,S1,S1 line 1,"No explicit relation verb found; same-sentence co-occurrence only. LOW CONFIDENCE, not a claimed relation."
place_beta_giyorgis,person_king_kaleb,CO_OCCURS_WITH,2,S1,S1 line 1,"No explicit relation verb found; same-sentence co-occurrence only. LOW CONFIDENCE, not a claimed relation."
place_beta_giyorgis,person_david_w_phillipson,CO_OCCURS_WITH,1,S1,S1 line 1,"No explicit relation verb found; same-sentence co-occurrence only. LOW CONFIDENCE, not a claimed relation."
place_beta_giyorgis,person_rodolfo_fattovich,CO_OCCURS_WITH,2,S1,S1 line 1,"No explicit relation verb found; same-sentence co-occurrence only. LOW CONFIDENCE, not a claimed relation."
place_beta_giyorgis,period_zagwe_period,CO_OCCURS_WITH,1,S1,S1 line 1,"No explicit relation verb found; same-sentence co-occurrence only. LOW CONFIDENCE, not a claimed relation."
place_beta_giyorgis,period_aksumite,CO_OCCURS_WITH,4,S1,S1 line 1,"No explicit relation verb found; same-sentence co-occurrence only. LOW CONFIDENCE, not a claimed relation."
place_beta_giyorgis,object_coin,CO_OCCURS_WITH,1,S1,S1 line 1,"No explicit relation verb found; same-sentence co-occurrence only. LOW CONFIDENCE, not a claimed relation."
place_beta_giyorgis,object_inscription,CO_OCCURS_WITH,2,S1,S1 line 1,"No explicit relation verb found; same-sentence co-occurrence only. LOW CONFIDENCE, not a claimed relation."
place_beta_giyorgis,object_stelae,CO_OCCURS_WITH,2,S1,S1 line 1,"No explicit relation verb found; same-sentence co-occurrence only. LOW CONFIDENCE, not a claimed relation."
place_beta_giyorgis,object_coins,CO_OCCURS_WITH,1,S1,S1 line 1,"No explicit relation verb found; same-sentence co-occurrence only. LOW CONFIDENCE, not a claimed relation."
place_beta_giyorgis,object_gold,CO_OCCURS_WITH,1,S1,S1 line 1,"No explicit relation verb found; same-sentence co-occurrence only. LOW CONFIDENCE, not a claimed relation."
place_beta_giyorgis,object_ivory,CO_OCCURS_WITH,2,S1,S1 line 1,"No explicit relation verb found; same-sentence co-occurrence only. LOW CONFIDENCE, not a claimed relation."
place_beta_giyorgis,object_silver,CO_OCCURS_WITH,1,S1,S1 line 1,"No explicit relation verb found; same-sentence co-occurrence only. LOW CONFIDENCE, not a claimed relation."
place_beta_giyorgis,object_pottery,CO_OCCURS_WITH,2,S1,S1 line 1,"No explicit relation verb found; same-sentence co-occurrence only. LOW CONFIDENCE, not a claimed relation."
place_lalibela,person_kathryn_bard,CO_OCCURS_WITH,1,S1,S1 line 1,"No explicit relation verb found; same-sentence co-occurrence only. LOW CONFIDENCE, not a claimed relation."
place_lalibela,person_king_ezana,CO_OCCURS_WITH,1,S1,S1 line 1,"No explicit relation verb found; same-sentence co-occurrence only. LOW CONFIDENCE, not a claimed relation."
place_lalibela,person_king_kaleb,CO_OCCURS_WITH,1,S1,S1 line 1,"No explicit relation verb found; same-sentence co-occurrence only. LOW CONFIDENCE, not a claimed relation."
place_lalibela,person_david_w_phillipson,CO_OCCURS_WITH,1,S1,S1 line 1,"No explicit relation verb found; same-sentence co-occurrence only. LOW CONFIDENCE, not a claimed relation."
place_lalibela,person_rodolfo_fattovich,CO_OCCURS_WITH,1,S1,S1 line 1,"No explicit relation verb found; same-sentence co-occurrence only. LOW CONFIDENCE, not a claimed relation."
place_lalibela,period_zagwe_period,CO_OCCURS_WITH,1,S1,S1 line 1,"No explicit relation verb found; same-sentence co-occurrence only. LOW CONFIDENCE, not a claimed relation."
place_lalibela,period_aksumite,CO_OCCURS_WITH,1,S1,S1 line 1,"No explicit relation verb found; same-sentence co-occurrence only. LOW CONFIDENCE, not a claimed relation."
place_lalibela,object_coin,CO_OCCURS_WITH,1,S1,S1 line 1,"No explicit relation verb found; same-sentence co-occurrence only. LOW CONFIDENCE, not a claimed relation."
place_lalibela,object_inscription,CO_OCCURS_WITH,1,S1,S1 line 1,"No explicit relation verb found; same-sentence co-occurrence only. LOW CONFIDENCE, not a claimed relation."
place_lalibela,object_stelae,CO_OCCURS_WITH,1,S1,S1 line 1,"No explicit relation verb found; same-sentence co-occurrence only. LOW CONFIDENCE, not a claimed relation."
place_lalibela,object_coins,CO_OCCURS_WITH,1,S1,S1 line 1,"No explicit relation verb found; same-sentence co-occurrence only. LOW CONFIDENCE, not a claimed relation."
place_lalibela,object_gold,CO_OCCURS_WITH,1,S1,S1 line 1,"No explicit relation verb found; same-sentence co-occurrence only. LOW CONFIDENCE, not a claimed relation."
place_lalibela,object_ivory,CO_OCCURS_WITH,1,S1,S1 line 1,"No explicit relation verb found; same-sentence co-occurrence only. LOW CONFIDENCE, not a claimed relation."
place_lalibela,object_silver,CO_OCCURS_WITH,1,S1,S1 line 1,"No explicit relation verb found; same-sentence co-occurrence only. LOW CONFIDENCE, not a claimed relation."
place_lalibela,object_pottery,CO_OCCURS_WITH,1,S1,S1 line 1,"No explicit relation verb found; same-sentence co-occurrence only. LOW CONFIDENCE, not a claimed relation."
person_kathryn_bard,person_king_ezana,CO_OCCURS_WITH,1,S1,S1 line 1,"No explicit relation verb found; same-sentence co-occurrence only. LOW CONFIDENCE, not a claimed relation."
person_kathryn_bard,person_king_kaleb,CO_OCCURS_WITH,1,S1,S1 line 1,"No explicit relation verb found; same-sentence co-occurrence only. LOW CONFIDENCE, not a claimed relation."
person_kathryn_bard,person_david_w_phillipson,CO_OCCURS_WITH,1,S1,S1 line 1,"No explicit relation verb found; same-sentence co-occurrence only. LOW CONFIDENCE, not a claimed relation."
person_kathryn_bard,person_rodolfo_fattovich,CO_OCCURS_WITH,1,S1,S1 line 1,"No explicit relation verb found; same-sentence co-occurrence only. LOW CONFIDENCE, not a claimed relation."
person_kathryn_bard,period_zagwe_period,CO_OCCURS_WITH,1,S1,S1 line 1,"No explicit relation verb found; same-sentence co-occurrence only. LOW CONFIDENCE, not a claimed relation."
person_kathryn_bard,period_aksumite,CO_OCCURS_WITH,2,S1,S1 line 1,"No explicit relation verb found; same-sentence co-occurrence only. LOW CONFIDENCE, not a claimed relation."
person_kathryn_bard,object_coin,CO_OCCURS_WITH,1,S1,S1 line 1,"No explicit relation verb found; same-sentence co-occurrence only. LOW CONFIDENCE, not a claimed relation."
person_kathryn_bard,object_inscription,CO_OCCURS_WITH,1,S1,S1 line 1,"No explicit relation verb found; same-sentence co-occurrence only. LOW CONFIDENCE, not a claimed relation."
person_kathryn_bard,object_stelae,CO_OCCURS_WITH,1,S1,S1 line 1,"No explicit relation verb found; same-sentence co-occurrence only. LOW CONFIDENCE, not a claimed relation."
person_kathryn_bard,object_coins,CO_OCCURS_WITH,1,S1,S1 line 1,"No explicit relation verb found; same-sentence co-occurrence only. LOW CONFIDENCE, not a claimed relation."
person_kathryn_bard,object_gold,CO_OCCURS_WITH,1,S1,S1 line 1,"No explicit relation verb found; same-sentence co-occurrence only. LOW CONFIDENCE, not a claimed relation."
person_kathryn_bard,object_ivory,CO_OCCURS_WITH,2,S1,S1 line 1,"No explicit relation verb found; same-sentence co-occurrence only. LOW CONFIDENCE, not a claimed relation."
person_kathryn_bard,object_silver,CO_OCCURS_WITH,1,S1,S1 line 1,"No explicit relation verb found; same-sentence co-occurrence only. LOW CONFIDENCE, not a claimed relation."
person_kathryn_bard,object_pottery,CO_OCCURS_WITH,1,S1,S1 line 1,"No explicit relation verb found; same-sentence co-occurrence only. LOW CONFIDENCE, not a claimed relation."
person_king_ezana,person_king_kaleb,CO_OCCURS_WITH,1,S1,S1 line 1,"No explicit relation verb found; same-sentence co-occurrence only. LOW CONFIDENCE, not a claimed relation."
person_king_ezana,person_david_w_phillipson,CO_OCCURS_WITH,1,S1,S1 line 1,"No explicit relation verb found; same-sentence co-occurrence only. LOW CONFIDENCE, not a claimed relation."
person_king_ezana,person_rodolfo_fattovich,CO_OCCURS_WITH,1,S1,S1 line 1,"No explicit relation verb found; same-sentence co-occurrence only. LOW CONFIDENCE, not a claimed relation."
person_king_ezana,period_zagwe_period,CO_OCCURS_WITH,1,S1,S1 line 1,"No explicit relation verb found; same-sentence co-occurrence only. LOW CONFIDENCE, not a claimed relation."
person_king_ezana,period_aksumite,CO_OCCURS_WITH,1,S1,S1 line 1,"No explicit relation verb found; same-sentence co-occurrence only. LOW CONFIDENCE, not a claimed relation."
person_king_ezana,object_coin,CO_OCCURS_WITH,1,S1,S1 line 1,"No explicit relation verb found; same-sentence co-occurrence only. LOW CONFIDENCE, not a claimed relation."
person_king_ezana,object_inscription,CO_OCCURS_WITH,2,S1,S1 line 1,"No explicit relation verb found; same-sentence co-occurrence only. LOW CONFIDENCE, not a claimed relation."
person_king_ezana,object_stelae,CO_OCCURS_WITH,1,S1,S1 line 1,"No explicit relation verb found; same-sentence co-occurrence only. LOW CONFIDENCE, not a claimed relation."
person_king_ezana,object_coins,CO_OCCURS_WITH,1,S1,S1 line 1,"No explicit relation verb found; same-sentence co-occurrence only. LOW CONFIDENCE, not a claimed relation."
person_king_ezana,object_gold,CO_OCCURS_WITH,1,S1,S1 line 1,"No explicit relation verb found; same-sentence co-occurrence only. LOW CONFIDENCE, not a claimed relation."
person_king_ezana,object_ivory,CO_OCCURS_WITH,1,S1,S1 line 1,"No explicit relation verb found; same-sentence co-occurrence only. LOW CONFIDENCE, not a claimed relation."
person_king_ezana,object_silver,CO_OCCURS_WITH,1,S1,S1 line 1,"No explicit relation verb found; same-sentence co-occurrence only. LOW CONFIDENCE, not a claimed relation."
person_king_ezana,object_pottery,CO_OCCURS_WITH,2,S1,S1 line 1,"No explicit relation verb found; same-sentence co-occurrence only. LOW CONFIDENCE, not a claimed relation."
person_king_kaleb,person_david_w_phillipson,CO_OCCURS_WITH,1,S1,S1 line 1,"No explicit relation verb found; same-sentence co-occurrence only. LOW CONFIDENCE, not a claimed relation."
person_king_kaleb,person_rodolfo_fattovich,CO_OCCURS_WITH,1,S1,S1 line 1,"No explicit relation verb found; same-sentence co-occurrence only. LOW CONFIDENCE, not a claimed relation."
person_king_kaleb,period_zagwe_period,CO_OCCURS_WITH,1,S1,S1 line 1,"No explicit relation verb found; same-sentence co-occurrence only. LOW CONFIDENCE, not a claimed relation."
person_king_kaleb,period_aksumite,CO_OCCURS_WITH,4,S1,S1 line 1,"No explicit relation verb found; same-sentence co-occurrence only. LOW CONFIDENCE, not a claimed relation."
person_king_kaleb,object_coin,CO_OCCURS_WITH,1,S1,S1 line 1,"No explicit relation verb found; same-sentence co-occurrence only. LOW CONFIDENCE, not a claimed relation."
person_king_kaleb,object_inscription,CO_OCCURS_WITH,2,S1,S1 line 1,"No explicit relation verb found; same-sentence co-occurrence only. LOW CONFIDENCE, not a claimed relation."
person_king_kaleb,object_stelae,CO_OCCURS_WITH,2,S1,S1 line 1,"No explicit relation verb found; same-sentence co-occurrence only. LOW CONFIDENCE, not a claimed relation."
person_king_kaleb,object_coins,CO_OCCURS_WITH,1,S1,S1 line 1,"No explicit relation verb found; same-sentence co-occurrence only. LOW CONFIDENCE, not a claimed relation."
person_king_kaleb,object_gold,CO_OCCURS_WITH,1,S1,S1 line 1,"No explicit relation verb found; same-sentence co-occurrence only. LOW CONFIDENCE, not a claimed relation."
person_king_kaleb,object_ivory,CO_OCCURS_WITH,1,S1,S1 line 1,"No explicit relation verb found; same-sentence co-occurrence only. LOW CONFIDENCE, not a claimed relation."
person_king_kaleb,object_silver,CO_OCCURS_WITH,1,S1,S1 line 1,"No explicit relation verb found; same-sentence co-occurrence only. LOW CONFIDENCE, not a claimed relation."
person_king_kaleb,object_pottery,CO_OCCURS_WITH,2,S1,S1 line 1,"No explicit relation verb found; same-sentence co-occurrence only. LOW CONFIDENCE, not a claimed relation."
person_david_w_phillipson,person_rodolfo_fattovich,CO_OCCURS_WITH,1,S1,S1 line 1,"No explicit relation verb found; same-sentence co-occurrence only. LOW CONFIDENCE, not a claimed relation."
person_david_w_phillipson,period_zagwe_period,CO_OCCURS_WITH,1,S1,S1 line 1,"No explicit relation verb found; same-sentence co-occurrence only. LOW CONFIDENCE, not a claimed relation."
person_david_w_phillipson,period_aksumite,CO_OCCURS_WITH,1,S1,S1 line 1,"No explicit relation verb found; same-sentence co-occurrence only. LOW CONFIDENCE, not a claimed relation."
person_david_w_phillipson,object_coin,CO_OCCURS_WITH,1,S1,S1 line 1,"No explicit relation verb found; same-sentence co-occurrence only. LOW CONFIDENCE, not a claimed relation."
person_david_w_phillipson,object_inscription,CO_OCCURS_WITH,1,S1,S1 line 1,"No explicit relation verb found; same-sentence co-occurrence only. LOW CONFIDENCE, not a claimed relation."
person_david_w_phillipson,object_stelae,CO_OCCURS_WITH,1,S1,S1 line 1,"No explicit relation verb found; same-sentence co-occurrence only. LOW CONFIDENCE, not a claimed relation."
person_david_w_phillipson,object_coins,CO_OCCURS_WITH,1,S1,S1 line 1,"No explicit relation verb found; same-sentence co-occurrence only. LOW CONFIDENCE, not a claimed relation."
person_david_w_phillipson,object_gold,CO_OCCURS_WITH,1,S1,S1 line 1,"No explicit relation verb found; same-sentence co-occurrence only. LOW CONFIDENCE, not a claimed relation."
person_david_w_phillipson,object_ivory,CO_OCCURS_WITH,1,S1,S1 line 1,"No explicit relation verb found; same-sentence co-occurrence only. LOW CONFIDENCE, not a claimed relation."
person_david_w_phillipson,object_silver,CO_OCCURS_WITH,1,S1,S1 line 1,"No explicit relation verb found; same-sentence co-occurrence only. LOW CONFIDENCE, not a claimed relation."
person_david_w_phillipson,object_pottery,CO_OCCURS_WITH,1,S1,S1 line 1,"No explicit relation verb found; same-sentence co-occurrence only. LOW CONFIDENCE, not a claimed relation."
person_rodolfo_fattovich,period_zagwe_period,CO_OCCURS_WITH,1,S1,S1 line 1,"No explicit relation verb found; same-sentence co-occurrence only. LOW CONFIDENCE, not a claimed relation."
person_rodolfo_fattovich,period_aksumite,CO_OCCURS_WITH,1,S1,S1 line 1,"No explicit relation verb found; same-sentence co-occurrence only. LOW CONFIDENCE, not a claimed relation."
person_rodolfo_fattovich,object_coin,CO_OCCURS_WITH,1,S1,S1 line 1,"No explicit relation verb found; same-sentence co-occurrence only. LOW CONFIDENCE, not a claimed relation."
person_rodolfo_fattovich,object_inscription,CO_OCCURS_WITH,1,S1,S1 line 1,"No explicit relation verb found; same-sentence co-occurrence only. LOW CONFIDENCE, not a claimed relation."
person_rodolfo_fattovich,object_stelae,CO_OCCURS_WITH,1,S1,S1 line 1,"No explicit relation verb found; same-sentence co-occurrence only. LOW CONFIDENCE, not a claimed relation."
person_rodolfo_fattovich,object_coins,CO_OCCURS_WITH,1,S1,S1 line 1,"No explicit relation verb found; same-sentence co-occurrence only. LOW CONFIDENCE, not a claimed relation."
person_rodolfo_fattovich,object_gold,CO_OCCURS_WITH,1,S1,S1 line 1,"No explicit relation verb found; same-sentence co-occurrence only. LOW CONFIDENCE, not a claimed relation."
person_rodolfo_fattovich,object_ivory,CO_OCCURS_WITH,1,S1,S1 line 1,"No explicit relation verb found; same-sentence co-occurrence only. LOW CONFIDENCE, not a claimed relation."
person_rodolfo_fattovich,object_silver,CO_OCCURS_WITH,1,S1,S1 line 1,"No explicit relation verb found; same-sentence co-occurrence only. LOW CONFIDENCE, not a claimed relation."
person_rodolfo_fattovich,object_pottery,CO_OCCURS_WITH,1,S1,S1 line 1,"No explicit relation verb found; same-sentence co-occurrence only. LOW CONFIDENCE, not a claimed relation."
period_zagwe_period,period_aksumite,CO_OCCURS_WITH,1,S1,S1 line 1,"No explicit relation verb found; same-sentence co-occurrence only. LOW CONFIDENCE, not a claimed relation."
period_zagwe_period,object_coin,CO_OCCURS_WITH,1,S1,S1 line 1,"No explicit relation verb found; same-sentence co-occurrence only. LOW CONFIDENCE, not a claimed relation."
period_zagwe_period,object_inscription,CO_OCCURS_WITH,1,S1,S1 line 1,"No explicit relation verb found; same-sentence co-occurrence only. LOW CONFIDENCE, not a claimed relation."
period_zagwe_period,object_stelae,CO_OCCURS_WITH,1,S1,S1 line 1,"No explicit relation verb found; same-sentence co-occurrence only. LOW CONFIDENCE, not a claimed relation."
period_zagwe_period,object_coins,CO_OCCURS_WITH,1,S1,S1 line 1,"No explicit relation verb found; same-sentence co-occurrence only. LOW CONFIDENCE, not a claimed relation."
period_zagwe_period,object_gold,CO_OCCURS_WITH,1,S1,S1 line 1,"No explicit relation verb found; same-sentence co-occurrence only. LOW CONFIDENCE, not a claimed relation."
period_zagwe_period,object_ivory,CO_OCCURS_WITH,1,S1,S1 line 1,"No explicit relation verb found; same-sentence co-occurrence only. LOW CONFIDENCE, not a claimed relation."
period_zagwe_period,object_silver,CO_OCCURS_WITH,1,S1,S1 line 1,"No explicit relation verb found; same-sentence co-occurrence only. LOW CONFIDENCE, not a claimed relation."
period_zagwe_period,object_pottery,CO_OCCURS_WITH,1,S1,S1 line 1,"No explicit relation verb found; same-sentence co-occurrence only. LOW CONFIDENCE, not a claimed relation."
period_aksumite,object_coin,CO_OCCURS_WITH,1,S1,S1 line 1,"No explicit relation verb found; same-sentence co-occurrence only. LOW CONFIDENCE, not a claimed relation."
period_aksumite,object_inscription,CO_OCCURS_WITH,2,S1,S1 line 1,"No explicit relation verb found; same-sentence co-occurrence only. LOW CONFIDENCE, not a claimed relation."
period_aksumite,object_stelae,CO_OCCURS_WITH,4,S1,S1 line 1,"No explicit relation verb found; same-sentence co-occurrence only. LOW CONFIDENCE, not a claimed relation."
period_aksumite,object_coins,CO_OCCURS_WITH,3,S1,S1 line 1,"No explicit relation verb found; same-sentence co-occurrence only. LOW CONFIDENCE, not a claimed relation."
period_aksumite,object_gold,CO_OCCURS_WITH,2,S1,S1 line 1,"No explicit relation verb found; same-sentence co-occurrence only. LOW CONFIDENCE, not a claimed relation."
period_aksumite,object_ivory,CO_OCCURS_WITH,3,S1,S1 line 1,"No explicit relation verb found; same-sentence co-occurrence only. LOW CONFIDENCE, not a claimed relation."
period_aksumite,object_silver,CO_OCCURS_WITH,1,S1,S1 line 1,"No explicit relation verb found; same-sentence co-occurrence only. LOW CONFIDENCE, not a claimed relation."
period_aksumite,object_pottery,CO_OCCURS_WITH,3,S1,S1 line 1,"No explicit relation verb found; same-sentence co-occurrence only. LOW CONFIDENCE, not a claimed relation."
object_coin,object_inscription,CO_OCCURS_WITH,1,S1,S1 line 1,"No explicit relation verb found; same-sentence co-occurrence only. LOW CONFIDENCE, not a claimed relation."
object_coin,object_stelae,CO_OCCURS_WITH,1,S1,S1 line 1,"No explicit relation verb found; same-sentence co-occurrence only. LOW CONFIDENCE, not a claimed relation."
object_coin,object_coins,CO_OCCURS_WITH,1,S1,S1 line 1,"No explicit relation verb found; same-sentence co-occurrence only. LOW CONFIDENCE, not a claimed relation."
object_coin,object_gold,CO_OCCURS_WITH,1,S1,S1 line 1,"No explicit relation verb found; same-sentence co-occurrence only. LOW CONFIDENCE, not a claimed relation."
object_coin,object_ivory,CO_OCCURS_WITH,1,S1,S1 line 1,"No explicit relation verb found; same-sentence co-occurrence only. LOW CONFIDENCE, not a claimed relation."
object_coin,object_silver,CO_OCCURS_WITH,1,S1,S1 line 1,"No explicit relation verb found; same-sentence co-occurrence only. LOW CONFIDENCE, not a claimed relation."
object_coin,object_pottery,CO_OCCURS_WITH,1,S1,S1 line 1,"No explicit relation verb found; same-sentence co-occurrence only. LOW CONFIDENCE, not a claimed relation."
object_inscription,object_stelae,CO_OCCURS_WITH,1,S1,S1 line 1,"No explicit relation verb found; same-sentence co-occurrence only. LOW CONFIDENCE, not a claimed relation."
object_inscription,object_coins,CO_OCCURS_WITH,1,S1,S1 line 1,"No explicit relation verb found; same-sentence co-occurrence only. LOW CONFIDENCE, not a claimed relation."
object_inscription,object_gold,CO_OCCURS_WITH,1,S1,S1 line 1,"No explicit relation verb found; same-sentence co-occurrence only. LOW CONFIDENCE, not a claimed relation."
object_inscription,object_ivory,CO_OCCURS_WITH,1,S1,S1 line 1,"No explicit relation verb found; same-sentence co-occurrence only. LOW CONFIDENCE, not a claimed relation."
object_inscription,object_silver,CO_OCCURS_WITH,1,S1,S1 line 1,"No explicit relation verb found; same-sentence co-occurrence only. LOW CONFIDENCE, not a claimed relation."
object_inscription,object_pottery,CO_OCCURS_WITH,1,S1,S1 line 1,"No explicit relation verb found; same-sentence co-occurrence only. LOW CONFIDENCE, not a claimed relation."
object_stelae,object_coins,CO_OCCURS_WITH,1,S1,S1 line 1,"No explicit relation verb found; same-sentence co-occurrence only. LOW CONFIDENCE, not a claimed relation."
object_stelae,object_gold,CO_OCCURS_WITH,1,S1,S1 line 1,"No explicit relation verb found; same-sentence co-occurrence only. LOW CONFIDENCE, not a claimed relation."
object_stelae,object_ivory,CO_OCCURS_WITH,3,S1,S1 line 1,"No explicit relation verb found; same-sentence co-occurrence only. LOW CONFIDENCE, not a claimed relation."
object_stelae,object_silver,CO_OCCURS_WITH,1,S1,S1 line 1,"No explicit relation verb found; same-sentence co-occurrence only. LOW CONFIDENCE, not a claimed relation."
object_stelae,object_pottery,CO_OCCURS_WITH,1,S1,S1 line 1,"No explicit relation verb found; same-sentence co-occurrence only. LOW CONFIDENCE, not a claimed relation."
object_coins,object_gold,CO_OCCURS_WITH,1,S1,S1 line 1,"No explicit relation verb found; same-sentence co-occurrence only. LOW CONFIDENCE, not a claimed relation."
object_coins,object_ivory,CO_OCCURS_WITH,1,S1,S1 line 1,"No explicit relation verb found; same-sentence co-occurrence only. LOW CONFIDENCE, not a claimed relation."
object_coins,object_silver,CO_OCCURS_WITH,1,S1,S1 line 1,"No explicit relation verb found; same-sentence co-occurrence only. LOW CONFIDENCE, not a claimed relation."
object_coins,object_pottery,CO_OCCURS_WITH,1,S1,S1 line 1,"No explicit relation verb found; same-sentence co-occurrence only. LOW CONFIDENCE, not a claimed relation."
object_gold,object_ivory,CO_OCCURS_WITH,1,S1,S1 line 1,"No explicit relation verb found; same-sentence co-occurrence only. LOW CONFIDENCE, not a claimed relation."
object_gold,object_silver,CO_OCCURS_WITH,2,S1,S1 line 1,"No explicit relation verb found; same-sentence co-occurrence only. LOW CONFIDENCE, not a claimed relation."
object_gold,object_pottery,CO_OCCURS_WITH,1,S1,S1 line 1,"No explicit relation verb found; same-sentence co-occurrence only. LOW CONFIDENCE, not a claimed relation."
object_ivory,object_silver,CO_OCCURS_WITH,1,S1,S1 line 1,"No explicit relation verb found; same-sentence co-occurrence only. LOW CONFIDENCE, not a claimed relation."
object_ivory,object_pottery,CO_OCCURS_WITH,1,S1,S1 line 1,"No explicit relation verb found; same-sentence co-occurrence only. LOW CONFIDENCE, not a claimed relation."
object_silver,object_pottery,CO_OCCURS_WITH,1,S1,S1 line 1,"No explicit relation verb found; same-sentence co-occurrence only. LOW CONFIDENCE, not a claimed relation."
object_stelae,object_inscription,CO_OCCURS_WITH,1,S1,S1 line 77,"No explicit relation verb found; same-sentence co-occurrence only. LOW CONFIDENCE, not a claimed relation."
object_coins,object_inscription,CO_OCCURS_WITH,1,S1,S1 line 77,"No explicit relation verb found; same-sentence co-occurrence only. LOW CONFIDENCE, not a claimed relation."
object_gold,object_inscription,CO_OCCURS_WITH,1,S1,S1 line 77,"No explicit relation verb found; same-sentence co-occurrence only. LOW CONFIDENCE, not a claimed relation."
object_silver,object_inscription,CO_OCCURS_WITH,1,S1,S1 line 77,"No explicit relation verb found; same-sentence co-occurrence only. LOW CONFIDENCE, not a claimed relation."
object_silver,object_ivory,CO_OCCURS_WITH,1,S1,S1 line 77,"No explicit relation verb found; same-sentence co-occurrence only. LOW CONFIDENCE, not a claimed relation."
object_pottery,object_ivory,CO_OCCURS_WITH,1,S1,S1 line 77,"No explicit relation verb found; same-sentence co-occurrence only. LOW CONFIDENCE, not a claimed relation."
place_lalibela,place_aksum,CO_OCCURS_WITH,1,S1,S1 line 154,"No explicit relation verb found; same-sentence co-occurrence only. LOW CONFIDENCE, not a claimed relation."
object_inscription,object_coin,CO_OCCURS_WITH,1,S1,S1 line 166,"No explicit relation verb found; same-sentence co-occurrence only. LOW CONFIDENCE, not a claimed relation."
object_silver,object_gold,CO_OCCURS_WITH,1,S1,S1 line 294,"No explicit relation verb found; same-sentence co-occurrence only. LOW CONFIDENCE, not a claimed relation."
place_aksum,person_andrea_manzo,CO_OCCURS_WITH,1,S2,S2 line 1,"No explicit relation verb found; same-sentence co-occurrence only. LOW CONFIDENCE, not a claimed relation."
person_kathryn_bard,person_andrea_manzo,CO_OCCURS_WITH,1,S2,S2 line 1,"No explicit relation verb found; same-sentence co-occurrence only. LOW CONFIDENCE, not a claimed relation."
person_andrea_manzo,person_rodolfo_fattovich,CO_OCCURS_WITH,1,S2,S2 line 1,"No explicit relation verb found; same-sentence co-occurrence only. LOW CONFIDENCE, not a claimed relation."
person_rodolfo_fattovich,person_andrea_manzo,CO_OCCURS_WITH,1,S2,S2 line 31,"No explicit relation verb found; same-sentence co-occurrence only. LOW CONFIDENCE, not a claimed relation."
person_rodolfo_fattovich,person_kathryn_bard,CO_OCCURS_WITH,1,S2,S2 line 31,"No explicit relation verb found; same-sentence co-occurrence only. LOW CONFIDENCE, not a claimed relation."
person_andrea_manzo,person_kathryn_bard,CO_OCCURS_WITH,1,S2,S2 line 31,"No explicit relation verb found; same-sentence co-occurrence only. LOW CONFIDENCE, not a claimed relation."
place_aksum,place_seglamen_site_sg1,CO_OCCURS_WITH,3,S3,S3 line 13,"No explicit relation verb found; same-sentence co-occurrence only. LOW CONFIDENCE, not a claimed relation."
person_diego_capra,person_eleonora_minucci,CO_OCCURS_WITH,1,S3,S3 line 17,"No explicit relation verb found; same-sentence co-occurrence only. LOW CONFIDENCE, not a claimed relation."
person_diego_capra,person_francesco_michele_rega,CO_OCCURS_WITH,1,S3,S3 line 17,"No explicit relation verb found; same-sentence co-occurrence only. LOW CONFIDENCE, not a claimed relation."
person_eleonora_minucci,person_francesco_michele_rega,CO_OCCURS_WITH,1,S3,S3 line 17,"No explicit relation verb found; same-sentence co-occurrence only. LOW CONFIDENCE, not a claimed relation."
place_aksum,person_luisa_sernicola,CO_OCCURS_WITH,1,S3,S3 line 36,"No explicit relation verb found; same-sentence co-occurrence only. LOW CONFIDENCE, not a claimed relation."
place_aksum,person_friat_angesom,CO_OCCURS_WITH,1,S3,S3 line 36,"No explicit relation verb found; same-sentence co-occurrence only. LOW CONFIDENCE, not a claimed relation."
place_aksum,person_diego_capra,CO_OCCURS_WITH,1,S3,S3 line 36,"No explicit relation verb found; same-sentence co-occurrence only. LOW CONFIDENCE, not a claimed relation."
place_aksum,person_eleonora_minucci,CO_OCCURS_WITH,1,S3,S3 line 36,"No explicit relation verb found; same-sentence co-occurrence only. LOW CONFIDENCE, not a claimed relation."
place_aksum,person_francesco_michele_rega,CO_OCCURS_WITH,1,S3,S3 line 36,"No explicit relation verb found; same-sentence co-occurrence only. LOW CONFIDENCE, not a claimed relation."
place_seglamen_site_sg1,person_luisa_sernicola,CO_OCCURS_WITH,2,S3,S3 line 36,"No explicit relation verb found; same-sentence co-occurrence only. LOW CONFIDENCE, not a claimed relation."
place_seglamen_site_sg1,person_friat_angesom,CO_OCCURS_WITH,1,S3,S3 line 36,"No explicit relation verb found; same-sentence co-occurrence only. LOW CONFIDENCE, not a claimed relation."
place_seglamen_site_sg1,person_diego_capra,CO_OCCURS_WITH,1,S3,S3 line 36,"No explicit relation verb found; same-sentence co-occurrence only. LOW CONFIDENCE, not a claimed relation."
place_seglamen_site_sg1,person_eleonora_minucci,CO_OCCURS_WITH,1,S3,S3 line 36,"No explicit relation verb found; same-sentence co-occurrence only. LOW CONFIDENCE, not a claimed relation."
place_seglamen_site_sg1,person_francesco_michele_rega,CO_OCCURS_WITH,1,S3,S3 line 36,"No explicit relation verb found; same-sentence co-occurrence only. LOW CONFIDENCE, not a claimed relation."
person_luisa_sernicola,person_friat_angesom,CO_OCCURS_WITH,1,S3,S3 line 36,"No explicit relation verb found; same-sentence co-occurrence only. LOW CONFIDENCE, not a claimed relation."
person_luisa_sernicola,person_diego_capra,CO_OCCURS_WITH,1,S3,S3 line 36,"No explicit relation verb found; same-sentence co-occurrence only. LOW CONFIDENCE, not a claimed relation."
person_luisa_sernicola,person_eleonora_minucci,CO_OCCURS_WITH,1,S3,S3 line 36,"No explicit relation verb found; same-sentence co-occurrence only. LOW CONFIDENCE, not a claimed relation."
person_luisa_sernicola,person_francesco_michele_rega,CO_OCCURS_WITH,1,S3,S3 line 36,"No explicit relation verb found; same-sentence co-occurrence only. LOW CONFIDENCE, not a claimed relation."
person_friat_angesom,person_diego_capra,CO_OCCURS_WITH,1,S3,S3 line 36,"No explicit relation verb found; same-sentence co-occurrence only. LOW CONFIDENCE, not a claimed relation."
person_friat_angesom,person_eleonora_minucci,CO_OCCURS_WITH,1,S3,S3 line 36,"No explicit relation verb found; same-sentence co-occurrence only. LOW CONFIDENCE, not a claimed relation."
person_friat_angesom,person_francesco_michele_rega,CO_OCCURS_WITH,1,S3,S3 line 36,"No explicit relation verb found; same-sentence co-occurrence only. LOW CONFIDENCE, not a claimed relation."
place_seglamen_site_sg1,person_andrea_manzo,CO_OCCURS_WITH,2,S3,S3 line 48,"No explicit relation verb found; same-sentence co-occurrence only. LOW CONFIDENCE, not a claimed relation."
person_andrea_manzo,person_luisa_sernicola,CO_OCCURS_WITH,1,S3,S3 line 48,"No explicit relation verb found; same-sentence co-occurrence only. LOW CONFIDENCE, not a claimed relation."
place_amda_tsion,place_mogareb,CO_OCCURS_WITH,1,S3,S3 line 86,"No explicit relation verb found; same-sentence co-occurrence only. LOW CONFIDENCE, not a claimed relation."
place_amda_tsion,person_luisa_sernicola,CO_OCCURS_WITH,1,S3,S3 line 86,"No explicit relation verb found; same-sentence co-occurrence only. LOW CONFIDENCE, not a claimed relation."
place_amda_tsion,person_diego_capra,CO_OCCURS_WITH,1,S3,S3 line 86,"No explicit relation verb found; same-sentence co-occurrence only. LOW CONFIDENCE, not a claimed relation."
place_amda_tsion,person_francesco_michele_rega,CO_OCCURS_WITH,1,S3,S3 line 86,"No explicit relation verb found; same-sentence co-occurrence only. LOW CONFIDENCE, not a claimed relation."
place_mogareb,person_luisa_sernicola,CO_OCCURS_WITH,1,S3,S3 line 86,"No explicit relation verb found; same-sentence co-occurrence only. LOW CONFIDENCE, not a claimed relation."
place_mogareb,person_diego_capra,CO_OCCURS_WITH,1,S3,S3 line 86,"No explicit relation verb found; same-sentence co-occurrence only. LOW CONFIDENCE, not a claimed relation."
place_mogareb,person_francesco_michele_rega,CO_OCCURS_WITH,1,S3,S3 line 86,"No explicit relation verb found; same-sentence co-occurrence only. LOW CONFIDENCE, not a claimed relation."
place_aksum,place_amda_tsion,CO_OCCURS_WITH,1,S3,S3 line 109,"No explicit relation verb found; same-sentence co-occurrence only. LOW CONFIDENCE, not a claimed relation."
place_aksum,period_pre_aksumite,CO_OCCURS_WITH,4,S3,S3 line 109,"No explicit relation verb found; same-sentence co-occurrence only. LOW CONFIDENCE, not a claimed relation."
place_aksum,period_post_aksumite,CO_OCCURS_WITH,2,S3,S3 line 109,"No explicit relation verb found; same-sentence co-occurrence only. LOW CONFIDENCE, not a claimed relation."
place_aksum,object_ceramics,CO_OCCURS_WITH,2,S3,S3 line 109,"No explicit relation verb found; same-sentence co-occurrence only. LOW CONFIDENCE, not a claimed relation."
place_seglamen_site_sg1,place_amda_tsion,CO_OCCURS_WITH,1,S3,S3 line 109,"No explicit relation verb found; same-sentence co-occurrence only. LOW CONFIDENCE, not a claimed relation."
place_seglamen_site_sg1,period_pre_aksumite,CO_OCCURS_WITH,3,S3,S3 line 109,"No explicit relation verb found; same-sentence co-occurrence only. LOW CONFIDENCE, not a claimed relation."
place_seglamen_site_sg1,period_post_aksumite,CO_OCCURS_WITH,1,S3,S3 line 109,"No explicit relation verb found; same-sentence co-occurrence only. LOW CONFIDENCE, not a claimed relation."
place_seglamen_site_sg1,object_ceramics,CO_OCCURS_WITH,1,S3,S3 line 109,"No explicit relation verb found; same-sentence co-occurrence only. LOW CONFIDENCE, not a claimed relation."
place_amda_tsion,period_pre_aksumite,CO_OCCURS_WITH,1,S3,S3 line 109,"No explicit relation verb found; same-sentence co-occurrence only. LOW CONFIDENCE, not a claimed relation."
place_amda_tsion,period_post_aksumite,CO_OCCURS_WITH,1,S3,S3 line 109,"No explicit relation verb found; same-sentence co-occurrence only. LOW CONFIDENCE, not a claimed relation."
place_amda_tsion,object_ceramics,CO_OCCURS_WITH,1,S3,S3 line 109,"No explicit relation verb found; same-sentence co-occurrence only. LOW CONFIDENCE, not a claimed relation."
period_pre_aksumite,period_post_aksumite,CO_OCCURS_WITH,1,S3,S3 line 109,"No explicit relation verb found; same-sentence co-occurrence only. LOW CONFIDENCE, not a claimed relation."
period_pre_aksumite,object_ceramics,CO_OCCURS_WITH,1,S3,S3 line 109,"No explicit relation verb found; same-sentence co-occurrence only. LOW CONFIDENCE, not a claimed relation."
period_post_aksumite,object_ceramics,CO_OCCURS_WITH,1,S3,S3 line 109,"No explicit relation verb found; same-sentence co-occurrence only. LOW CONFIDENCE, not a claimed relation."
feature_room_1,period_pre_aksumite,CO_OCCURS_WITH,1,S3,S3 line 117,"No explicit relation verb found; same-sentence co-occurrence only. LOW CONFIDENCE, not a claimed relation."
feature_room_1,object_ceramics,CO_OCCURS_WITH,1,S3,S3 line 117,"No explicit relation verb found; same-sentence co-occurrence only. LOW CONFIDENCE, not a claimed relation."
feature_room_2,feature_room_4,CO_OCCURS_WITH,1,S3,S3 line 135,"No explicit relation verb found; same-sentence co-occurrence only. LOW CONFIDENCE, not a claimed relation."
feature_room_2,feature_room_5,CO_OCCURS_WITH,1,S3,S3 line 135,"No explicit relation verb found; same-sentence co-occurrence only. LOW CONFIDENCE, not a claimed relation."
feature_room_2,feature_room_1,CO_OCCURS_WITH,1,S3,S3 line 135,"No explicit relation verb found; same-sentence co-occurrence only. LOW CONFIDENCE, not a claimed relation."
feature_room_4,feature_room_5,CO_OCCURS_WITH,1,S3,S3 line 135,"No explicit relation verb found; same-sentence co-occurrence only. LOW CONFIDENCE, not a claimed relation."
feature_room_4,feature_room_1,CO_OCCURS_WITH,1,S3,S3 line 135,"No explicit relation verb found; same-sentence co-occurrence only. LOW CONFIDENCE, not a claimed relation."
feature_room_5,feature_room_1,CO_OCCURS_WITH,1,S3,S3 line 135,"No explicit relation verb found; same-sentence co-occurrence only. LOW CONFIDENCE, not a claimed relation."
feature_trenches,object_ceramics,CO_OCCURS_WITH,1,S3,S3 line 144,"No explicit relation verb found; same-sentence co-occurrence only. LOW CONFIDENCE, not a claimed relation."
feature_room_1,feature_room_4,CO_OCCURS_WITH,1,S3,S3 line 149,"No explicit relation verb found; same-sentence co-occurrence only. LOW CONFIDENCE, not a claimed relation."
feature_room_1,feature_room_2,CO_OCCURS_WITH,1,S3,S3 line 149,"No explicit relation verb found; same-sentence co-occurrence only. LOW CONFIDENCE, not a claimed relation."
feature_room_1,period_post_aksumite,CO_OCCURS_WITH,1,S3,S3 line 149,"No explicit relation verb found; same-sentence co-occurrence only. LOW CONFIDENCE, not a claimed relation."
feature_room_4,feature_room_2,CO_OCCURS_WITH,1,S3,S3 line 149,"No explicit relation verb found; same-sentence co-occurrence only. LOW CONFIDENCE, not a claimed relation."
feature_room_4,period_post_aksumite,CO_OCCURS_WITH,1,S3,S3 line 149,"No explicit relation verb found; same-sentence co-occurrence only. LOW CONFIDENCE, not a claimed relation."
feature_room_2,period_post_aksumite,CO_OCCURS_WITH,1,S3,S3 line 149,"No explicit relation verb found; same-sentence co-occurrence only. LOW CONFIDENCE, not a claimed relation."
place_aksum,place_mogareb,CO_OCCURS_WITH,1,S3,S3 line 170,"No explicit relation verb found; same-sentence co-occurrence only. LOW CONFIDENCE, not a claimed relation."
place_seglamen_site_sg1,place_mogareb,CO_OCCURS_WITH,1,S3,S3 line 170,"No explicit relation verb found; same-sentence co-occurrence only. LOW CONFIDENCE, not a claimed relation."
place_mogareb,feature_trench_and,CO_OCCURS_WITH,1,S3,S3 line 174,"No explicit relation verb found; same-sentence co-occurrence only. LOW CONFIDENCE, not a claimed relation."
place_mogareb,period_pre_aksumite,CO_OCCURS_WITH,1,S3,S3 line 174,"No explicit relation verb found; same-sentence co-occurrence only. LOW CONFIDENCE, not a claimed relation."
feature_trench_and,period_pre_aksumite,CO_OCCURS_WITH,1,S3,S3 line 174,"No explicit relation verb found; same-sentence co-occurrence only. LOW CONFIDENCE, not a claimed relation."
feature_trench_exposed,feature_tomb_34,CO_OCCURS_WITH,1,S3,S3 line 181,"No explicit relation verb found; same-sentence co-occurrence only. LOW CONFIDENCE, not a claimed relation."
feature_tomb_34,feature_tomb_37,CO_OCCURS_WITH,1,S3,S3 line 187,"No explicit relation verb found; same-sentence co-occurrence only. LOW CONFIDENCE, not a claimed relation."
feature_tomb_34,object_stelae,CO_OCCURS_WITH,1,S3,S3 line 187,"No explicit relation verb found; same-sentence co-occurrence only. LOW CONFIDENCE, not a claimed relation."
feature_tomb_34,object_ceramics,CO_OCCURS_WITH,1,S3,S3 line 187,"No explicit relation verb found; same-sentence co-occurrence only. LOW CONFIDENCE, not a claimed relation."
feature_tomb_37,object_stelae,CO_OCCURS_WITH,1,S3,S3 line 187,"No explicit relation verb found; same-sentence co-occurrence only. LOW CONFIDENCE, not a claimed relation."
feature_tomb_37,object_ceramics,CO_OCCURS_WITH,1,S3,S3 line 187,"No explicit relation verb found; same-sentence co-occurrence only. LOW CONFIDENCE, not a claimed relation."
object_stelae,object_ceramics,CO_OCCURS_WITH,1,S3,S3 line 187,"No explicit relation verb found; same-sentence co-occurrence only. LOW CONFIDENCE, not a claimed relation."
feature_trench_segxxv,feature_trench_and,CO_OCCURS_WITH,1,S3,S3 line 215,"No explicit relation verb found; same-sentence co-occurrence only. LOW CONFIDENCE, not a claimed relation."
place_amda_tsion,place_aksum,CO_OCCURS_WITH,1,S3,S3 line 345,"No explicit relation verb found; same-sentence co-occurrence only. LOW CONFIDENCE, not a claimed relation."
place_amda_tsion,place_seglamen_site_sg1,CO_OCCURS_WITH,1,S3,S3 line 345,"No explicit relation verb found; same-sentence co-occurrence only. LOW CONFIDENCE, not a claimed relation."
place_amda_tsion,object_pottery,CO_OCCURS_WITH,1,S3,S3 line 345,"No explicit relation verb found; same-sentence co-occurrence only. LOW CONFIDENCE, not a claimed relation."
place_seglamen_site_sg1,object_pottery,CO_OCCURS_WITH,1,S3,S3 line 345,"No explicit relation verb found; same-sentence co-occurrence only. LOW CONFIDENCE, not a claimed relation."
period_pre_aksumite,object_pottery,CO_OCCURS_WITH,2,S3,S3 line 345,"No explicit relation verb found; same-sentence co-occurrence only. LOW CONFIDENCE, not a claimed relation."
place_aksum,place_stelae_park,CO_OCCURS_WITH,2,S3,S3 line 425,"No explicit relation verb found; same-sentence co-occurrence only. LOW CONFIDENCE, not a claimed relation."
place_stelae_park,object_stelae,CO_OCCURS_WITH,3,S3,S3 line 425,"No explicit relation verb found; same-sentence co-occurrence only. LOW CONFIDENCE, not a claimed relation."
place_stelae_park,object_silver,CO_OCCURS_WITH,1,S3,S3 line 425,"No explicit relation verb found; same-sentence co-occurrence only. LOW CONFIDENCE, not a claimed relation."
place_seglamen_site_sg1,period_aksumite,CO_OCCURS_WITH,1,S3,S3 line 458,"No explicit relation verb found; same-sentence co-occurrence only. LOW CONFIDENCE, not a claimed relation."
place_seglamen_site_sg1,object_gold,CO_OCCURS_WITH,1,S3,S3 line 458,"No explicit relation verb found; same-sentence co-occurrence only. LOW CONFIDENCE, not a claimed relation."
period_aksumite,period_post_aksumite,CO_OCCURS_WITH,2,S3,S3 line 458,"No explicit relation verb found; same-sentence co-occurrence only. LOW CONFIDENCE, not a claimed relation."
period_post_aksumite,object_gold,CO_OCCURS_WITH,1,S3,S3 line 458,"No explicit relation verb found; same-sentence co-occurrence only. LOW CONFIDENCE, not a claimed relation."
place_seglamen_site_sg1,place_aksum,CO_OCCURS_WITH,2,S3,S3 line 484,"No explicit relation verb found; same-sentence co-occurrence only. LOW CONFIDENCE, not a claimed relation."
place_aksum,person_laurel_phillipson,CO_OCCURS_WITH,2,S3,S3 line 562,"No explicit relation verb found; same-sentence co-occurrence only. LOW CONFIDENCE, not a claimed relation."
place_seglamen_site_sg1,person_laurel_phillipson,CO_OCCURS_WITH,1,S3,S3 line 562,"No explicit relation verb found; same-sentence co-occurrence only. LOW CONFIDENCE, not a claimed relation."
person_diego_capra,person_laurel_phillipson,CO_OCCURS_WITH,1,S3,S3 line 564,"No explicit relation verb found; same-sentence co-occurrence only. LOW CONFIDENCE, not a claimed relation."
place_aksum,feature_room_2,CO_OCCURS_WITH,1,S3,S3 line 580,"No explicit relation verb found; same-sentence co-occurrence only. LOW CONFIDENCE, not a claimed relation."
place_seglamen_site_sg1,feature_room_2,CO_OCCURS_WITH,1,S3,S3 line 580,"No explicit relation verb found; same-sentence co-occurrence only. LOW CONFIDENCE, not a claimed relation."
place_aksum,feature_tomb_34,CO_OCCURS_WITH,1,S3,S3 line 592,"No explicit relation verb found; same-sentence co-occurrence only. LOW CONFIDENCE, not a claimed relation."
place_aksum,feature_trench_segxxv,CO_OCCURS_WITH,1,S3,S3 line 592,"No explicit relation verb found; same-sentence co-occurrence only. LOW CONFIDENCE, not a claimed relation."
place_seglamen_site_sg1,feature_tomb_34,CO_OCCURS_WITH,1,S3,S3 line 592,"No explicit relation verb found; same-sentence co-occurrence only. LOW CONFIDENCE, not a claimed relation."
place_seglamen_site_sg1,feature_trench_segxxv,CO_OCCURS_WITH,1,S3,S3 line 592,"No explicit relation verb found; same-sentence co-occurrence only. LOW CONFIDENCE, not a claimed relation."
place_seglamen_site_sg1,object_stelae,CO_OCCURS_WITH,1,S3,S3 line 592,"No explicit relation verb found; same-sentence co-occurrence only. LOW CONFIDENCE, not a claimed relation."
feature_tomb_34,feature_trench_segxxv,CO_OCCURS_WITH,1,S3,S3 line 592,"No explicit relation verb found; same-sentence co-occurrence only. LOW CONFIDENCE, not a claimed relation."
feature_trench_segxxv,object_stelae,CO_OCCURS_WITH,1,S3,S3 line 592,"No explicit relation verb found; same-sentence co-occurrence only. LOW CONFIDENCE, not a claimed relation."
place_aksum,person_jacke_phillips,CO_OCCURS_WITH,1,S4,S4 line 18,"No explicit relation verb found; same-sentence co-occurrence only. LOW CONFIDENCE, not a claimed relation."
person_david_w_phillipson,person_jacke_phillips,CO_OCCURS_WITH,1,S4,S4 line 18,"No explicit relation verb found; same-sentence co-occurrence only. LOW CONFIDENCE, not a claimed relation."
person_david_w_phillipson,person_laurel_phillipson,CO_OCCURS_WITH,1,S4,S4 line 18,"No explicit relation verb found; same-sentence co-occurrence only. LOW CONFIDENCE, not a claimed relation."
person_jacke_phillips,person_laurel_phillipson,CO_OCCURS_WITH,1,S4,S4 line 18,"No explicit relation verb found; same-sentence co-occurrence only. LOW CONFIDENCE, not a claimed relation."
place_d_site_kidane_mehret,place_k_site_maleke_aksum,CO_OCCURS_WITH,3,S4,S4 line 65,"No explicit relation verb found; same-sentence co-occurrence only. LOW CONFIDENCE, not a claimed relation."
place_d_site_kidane_mehret,person_jacke_phillips,CO_OCCURS_WITH,1,S4,S4 line 65,"No explicit relation verb found; same-sentence co-occurrence only. LOW CONFIDENCE, not a claimed relation."
place_d_site_kidane_mehret,person_laurel_phillipson,CO_OCCURS_WITH,1,S4,S4 line 65,"No explicit relation verb found; same-sentence co-occurrence only. LOW CONFIDENCE, not a claimed relation."
place_d_site_kidane_mehret,object_pottery,CO_OCCURS_WITH,3,S4,S4 line 65,"No explicit relation verb found; same-sentence co-occurrence only. LOW CONFIDENCE, not a claimed relation."
place_d_site_kidane_mehret,object_glass,CO_OCCURS_WITH,3,S4,S4 line 65,"No explicit relation verb found; same-sentence co-occurrence only. LOW CONFIDENCE, not a claimed relation."
place_d_site_kidane_mehret,object_beads,CO_OCCURS_WITH,4,S4,S4 line 65,"No explicit relation verb found; same-sentence co-occurrence only. LOW CONFIDENCE, not a claimed relation."
place_d_site_kidane_mehret,object_ivory,CO_OCCURS_WITH,2,S4,S4 line 65,"No explicit relation verb found; same-sentence co-occurrence only. LOW CONFIDENCE, not a claimed relation."
place_k_site_maleke_aksum,person_jacke_phillips,CO_OCCURS_WITH,1,S4,S4 line 65,"No explicit relation verb found; same-sentence co-occurrence only. LOW CONFIDENCE, not a claimed relation."
place_k_site_maleke_aksum,person_laurel_phillipson,CO_OCCURS_WITH,1,S4,S4 line 65,"No explicit relation verb found; same-sentence co-occurrence only. LOW CONFIDENCE, not a claimed relation."
place_k_site_maleke_aksum,object_pottery,CO_OCCURS_WITH,2,S4,S4 line 65,"No explicit relation verb found; same-sentence co-occurrence only. LOW CONFIDENCE, not a claimed relation."
place_k_site_maleke_aksum,object_glass,CO_OCCURS_WITH,3,S4,S4 line 65,"No explicit relation verb found; same-sentence co-occurrence only. LOW CONFIDENCE, not a claimed relation."
place_k_site_maleke_aksum,object_beads,CO_OCCURS_WITH,2,S4,S4 line 65,"No explicit relation verb found; same-sentence co-occurrence only. LOW CONFIDENCE, not a claimed relation."
place_k_site_maleke_aksum,object_ivory,CO_OCCURS_WITH,2,S4,S4 line 65,"No explicit relation verb found; same-sentence co-occurrence only. LOW CONFIDENCE, not a claimed relation."
person_jacke_phillips,object_pottery,CO_OCCURS_WITH,1,S4,S4 line 65,"No explicit relation verb found; same-sentence co-occurrence only. LOW CONFIDENCE, not a claimed relation."
person_jacke_phillips,object_glass,CO_OCCURS_WITH,1,S4,S4 line 65,"No explicit relation verb found; same-sentence co-occurrence only. LOW CONFIDENCE, not a claimed relation."
person_jacke_phillips,object_beads,CO_OCCURS_WITH,1,S4,S4 line 65,"No explicit relation verb found; same-sentence co-occurrence only. LOW CONFIDENCE, not a claimed relation."
person_jacke_phillips,object_ivory,CO_OCCURS_WITH,1,S4,S4 line 65,"No explicit relation verb found; same-sentence co-occurrence only. LOW CONFIDENCE, not a claimed relation."
person_laurel_phillipson,object_pottery,CO_OCCURS_WITH,1,S4,S4 line 65,"No explicit relation verb found; same-sentence co-occurrence only. LOW CONFIDENCE, not a claimed relation."
person_laurel_phillipson,object_glass,CO_OCCURS_WITH,1,S4,S4 line 65,"No explicit relation verb found; same-sentence co-occurrence only. LOW CONFIDENCE, not a claimed relation."
person_laurel_phillipson,object_beads,CO_OCCURS_WITH,2,S4,S4 line 65,"No explicit relation verb found; same-sentence co-occurrence only. LOW CONFIDENCE, not a claimed relation."
person_laurel_phillipson,object_ivory,CO_OCCURS_WITH,1,S4,S4 line 65,"No explicit relation verb found; same-sentence co-occurrence only. LOW CONFIDENCE, not a claimed relation."
object_pottery,object_glass,CO_OCCURS_WITH,2,S4,S4 line 65,"No explicit relation verb found; same-sentence co-occurrence only. LOW CONFIDENCE, not a claimed relation."
object_pottery,object_beads,CO_OCCURS_WITH,1,S4,S4 line 65,"No explicit relation verb found; same-sentence co-occurrence only. LOW CONFIDENCE, not a claimed relation."
object_glass,object_beads,CO_OCCURS_WITH,4,S4,S4 line 65,"No explicit relation verb found; same-sentence co-occurrence only. LOW CONFIDENCE, not a claimed relation."
object_glass,object_ivory,CO_OCCURS_WITH,2,S4,S4 line 65,"No explicit relation verb found; same-sentence co-occurrence only. LOW CONFIDENCE, not a claimed relation."
object_beads,object_ivory,CO_OCCURS_WITH,2,S4,S4 line 65,"No explicit relation verb found; same-sentence co-occurrence only. LOW CONFIDENCE, not a claimed relation."
place_l_site,place_mestaha_werki,CO_OCCURS_WITH,1,S4,S4 line 102,"No explicit relation verb found; same-sentence co-occurrence only. LOW CONFIDENCE, not a claimed relation."
place_l_site,place_adi_tsehafi,CO_OCCURS_WITH,1,S4,S4 line 102,"No explicit relation verb found; same-sentence co-occurrence only. LOW CONFIDENCE, not a claimed relation."
place_l_site,place_tomb_of_bazen,CO_OCCURS_WITH,1,S4,S4 line 102,"No explicit relation verb found; same-sentence co-occurrence only. LOW CONFIDENCE, not a claimed relation."
place_l_site,place_tomb_of_the_false_door,CO_OCCURS_WITH,1,S4,S4 line 102,"No explicit relation verb found; same-sentence co-occurrence only. LOW CONFIDENCE, not a claimed relation."
place_l_site,place_tombs_of_kaleb_and_gabra_maskal,CO_OCCURS_WITH,1,S4,S4 line 102,"No explicit relation verb found; same-sentence co-occurrence only. LOW CONFIDENCE, not a claimed relation."
place_l_site,place_mausoleum,CO_OCCURS_WITH,1,S4,S4 line 102,"No explicit relation verb found; same-sentence co-occurrence only. LOW CONFIDENCE, not a claimed relation."
place_l_site,place_stelae_park,CO_OCCURS_WITH,1,S4,S4 line 102,"No explicit relation verb found; same-sentence co-occurrence only. LOW CONFIDENCE, not a claimed relation."
place_l_site,person_laurel_phillipson,CO_OCCURS_WITH,1,S4,S4 line 102,"No explicit relation verb found; same-sentence co-occurrence only. LOW CONFIDENCE, not a claimed relation."
place_l_site,person_king_kaleb,CO_OCCURS_WITH,1,S4,S4 line 102,"No explicit relation verb found; same-sentence co-occurrence only. LOW CONFIDENCE, not a claimed relation."
place_l_site,person_jacke_phillips,CO_OCCURS_WITH,1,S4,S4 line 102,"No explicit relation verb found; same-sentence co-occurrence only. LOW CONFIDENCE, not a claimed relation."
place_l_site,period_aksumite,CO_OCCURS_WITH,1,S4,S4 line 102,"No explicit relation verb found; same-sentence co-occurrence only. LOW CONFIDENCE, not a claimed relation."
place_l_site,period_classical_aksumite,CO_OCCURS_WITH,1,S4,S4 line 102,"No explicit relation verb found; same-sentence co-occurrence only. LOW CONFIDENCE, not a claimed relation."
place_l_site,object_inscription,CO_OCCURS_WITH,1,S4,S4 line 102,"No explicit relation verb found; same-sentence co-occurrence only. LOW CONFIDENCE, not a claimed relation."
place_l_site,object_pottery,CO_OCCURS_WITH,1,S4,S4 line 102,"No explicit relation verb found; same-sentence co-occurrence only. LOW CONFIDENCE, not a claimed relation."
place_l_site,object_glass,CO_OCCURS_WITH,1,S4,S4 line 102,"No explicit relation verb found; same-sentence co-occurrence only. LOW CONFIDENCE, not a claimed relation."
place_l_site,object_beads,CO_OCCURS_WITH,1,S4,S4 line 102,"No explicit relation verb found; same-sentence co-occurrence only. LOW CONFIDENCE, not a claimed relation."
place_l_site,object_ivory,CO_OCCURS_WITH,1,S4,S4 line 102,"No explicit relation verb found; same-sentence co-occurrence only. LOW CONFIDENCE, not a claimed relation."
place_l_site,object_coins,CO_OCCURS_WITH,1,S4,S4 line 102,"No explicit relation verb found; same-sentence co-occurrence only. LOW CONFIDENCE, not a claimed relation."
place_l_site,object_stelae,CO_OCCURS_WITH,1,S4,S4 line 102,"No explicit relation verb found; same-sentence co-occurrence only. LOW CONFIDENCE, not a claimed relation."
place_mestaha_werki,place_adi_tsehafi,CO_OCCURS_WITH,1,S4,S4 line 102,"No explicit relation verb found; same-sentence co-occurrence only. LOW CONFIDENCE, not a claimed relation."
place_mestaha_werki,place_tomb_of_bazen,CO_OCCURS_WITH,1,S4,S4 line 102,"No explicit relation verb found; same-sentence co-occurrence only. LOW CONFIDENCE, not a claimed relation."
place_mestaha_werki,place_tomb_of_the_false_door,CO_OCCURS_WITH,1,S4,S4 line 102,"No explicit relation verb found; same-sentence co-occurrence only. LOW CONFIDENCE, not a claimed relation."
place_mestaha_werki,place_tombs_of_kaleb_and_gabra_maskal,CO_OCCURS_WITH,1,S4,S4 line 102,"No explicit relation verb found; same-sentence co-occurrence only. LOW CONFIDENCE, not a claimed relation."
place_mestaha_werki,place_mausoleum,CO_OCCURS_WITH,1,S4,S4 line 102,"No explicit relation verb found; same-sentence co-occurrence only. LOW CONFIDENCE, not a claimed relation."
place_mestaha_werki,place_stelae_park,CO_OCCURS_WITH,1,S4,S4 line 102,"No explicit relation verb found; same-sentence co-occurrence only. LOW CONFIDENCE, not a claimed relation."
place_mestaha_werki,person_laurel_phillipson,CO_OCCURS_WITH,1,S4,S4 line 102,"No explicit relation verb found; same-sentence co-occurrence only. LOW CONFIDENCE, not a claimed relation."
place_mestaha_werki,person_king_kaleb,CO_OCCURS_WITH,1,S4,S4 line 102,"No explicit relation verb found; same-sentence co-occurrence only. LOW CONFIDENCE, not a claimed relation."
place_mestaha_werki,person_jacke_phillips,CO_OCCURS_WITH,1,S4,S4 line 102,"No explicit relation verb found; same-sentence co-occurrence only. LOW CONFIDENCE, not a claimed relation."
place_mestaha_werki,period_aksumite,CO_OCCURS_WITH,1,S4,S4 line 102,"No explicit relation verb found; same-sentence co-occurrence only. LOW CONFIDENCE, not a claimed relation."
place_mestaha_werki,period_classical_aksumite,CO_OCCURS_WITH,1,S4,S4 line 102,"No explicit relation verb found; same-sentence co-occurrence only. LOW CONFIDENCE, not a claimed relation."
place_mestaha_werki,object_inscription,CO_OCCURS_WITH,1,S4,S4 line 102,"No explicit relation verb found; same-sentence co-occurrence only. LOW CONFIDENCE, not a claimed relation."
place_mestaha_werki,object_pottery,CO_OCCURS_WITH,1,S4,S4 line 102,"No explicit relation verb found; same-sentence co-occurrence only. LOW CONFIDENCE, not a claimed relation."
place_mestaha_werki,object_glass,CO_OCCURS_WITH,1,S4,S4 line 102,"No explicit relation verb found; same-sentence co-occurrence only. LOW CONFIDENCE, not a claimed relation."
place_mestaha_werki,object_beads,CO_OCCURS_WITH,1,S4,S4 line 102,"No explicit relation verb found; same-sentence co-occurrence only. LOW CONFIDENCE, not a claimed relation."
place_mestaha_werki,object_ivory,CO_OCCURS_WITH,1,S4,S4 line 102,"No explicit relation verb found; same-sentence co-occurrence only. LOW CONFIDENCE, not a claimed relation."
place_mestaha_werki,object_coins,CO_OCCURS_WITH,1,S4,S4 line 102,"No explicit relation verb found; same-sentence co-occurrence only. LOW CONFIDENCE, not a claimed relation."
place_mestaha_werki,object_stelae,CO_OCCURS_WITH,1,S4,S4 line 102,"No explicit relation verb found; same-sentence co-occurrence only. LOW CONFIDENCE, not a claimed relation."
place_adi_tsehafi,place_tomb_of_bazen,CO_OCCURS_WITH,1,S4,S4 line 102,"No explicit relation verb found; same-sentence co-occurrence only. LOW CONFIDENCE, not a claimed relation."
place_adi_tsehafi,place_tomb_of_the_false_door,CO_OCCURS_WITH,1,S4,S4 line 102,"No explicit relation verb found; same-sentence co-occurrence only. LOW CONFIDENCE, not a claimed relation."
place_adi_tsehafi,place_tombs_of_kaleb_and_gabra_maskal,CO_OCCURS_WITH,1,S4,S4 line 102,"No explicit relation verb found; same-sentence co-occurrence only. LOW CONFIDENCE, not a claimed relation."
place_adi_tsehafi,place_mausoleum,CO_OCCURS_WITH,2,S4,S4 line 102,"No explicit relation verb found; same-sentence co-occurrence only. LOW CONFIDENCE, not a claimed relation."
place_adi_tsehafi,place_stelae_park,CO_OCCURS_WITH,1,S4,S4 line 102,"No explicit relation verb found; same-sentence co-occurrence only. LOW CONFIDENCE, not a claimed relation."
place_adi_tsehafi,person_laurel_phillipson,CO_OCCURS_WITH,2,S4,S4 line 102,"No explicit relation verb found; same-sentence co-occurrence only. LOW CONFIDENCE, not a claimed relation."
place_adi_tsehafi,person_king_kaleb,CO_OCCURS_WITH,2,S4,S4 line 102,"No explicit relation verb found; same-sentence co-occurrence only. LOW CONFIDENCE, not a claimed relation."
place_adi_tsehafi,person_jacke_phillips,CO_OCCURS_WITH,1,S4,S4 line 102,"No explicit relation verb found; same-sentence co-occurrence only. LOW CONFIDENCE, not a claimed relation."
place_adi_tsehafi,period_aksumite,CO_OCCURS_WITH,3,S4,S4 line 102,"No explicit relation verb found; same-sentence co-occurrence only. LOW CONFIDENCE, not a claimed relation."
place_adi_tsehafi,period_classical_aksumite,CO_OCCURS_WITH,1,S4,S4 line 102,"No explicit relation verb found; same-sentence co-occurrence only. LOW CONFIDENCE, not a claimed relation."
place_adi_tsehafi,object_inscription,CO_OCCURS_WITH,1,S4,S4 line 102,"No explicit relation verb found; same-sentence co-occurrence only. LOW CONFIDENCE, not a claimed relation."
place_adi_tsehafi,object_pottery,CO_OCCURS_WITH,2,S4,S4 line 102,"No explicit relation verb found; same-sentence co-occurrence only. LOW CONFIDENCE, not a claimed relation."
place_adi_tsehafi,object_glass,CO_OCCURS_WITH,1,S4,S4 line 102,"No explicit relation verb found; same-sentence co-occurrence only. LOW CONFIDENCE, not a claimed relation."
place_adi_tsehafi,object_beads,CO_OCCURS_WITH,2,S4,S4 line 102,"No explicit relation verb found; same-sentence co-occurrence only. LOW CONFIDENCE, not a claimed relation."
place_adi_tsehafi,object_ivory,CO_OCCURS_WITH,1,S4,S4 line 102,"No explicit relation verb found; same-sentence co-occurrence only. LOW CONFIDENCE, not a claimed relation."
place_adi_tsehafi,object_coins,CO_OCCURS_WITH,1,S4,S4 line 102,"No explicit relation verb found; same-sentence co-occurrence only. LOW CONFIDENCE, not a claimed relation."
place_adi_tsehafi,object_stelae,CO_OCCURS_WITH,2,S4,S4 line 102,"No explicit relation verb found; same-sentence co-occurrence only. LOW CONFIDENCE, not a claimed relation."
place_tomb_of_bazen,place_tomb_of_the_false_door,CO_OCCURS_WITH,2,S4,S4 line 102,"No explicit relation verb found; same-sentence co-occurrence only. LOW CONFIDENCE, not a claimed relation."
place_tomb_of_bazen,place_tombs_of_kaleb_and_gabra_maskal,CO_OCCURS_WITH,1,S4,S4 line 102,"No explicit relation verb found; same-sentence co-occurrence only. LOW CONFIDENCE, not a claimed relation."
place_tomb_of_bazen,place_mausoleum,CO_OCCURS_WITH,2,S4,S4 line 102,"No explicit relation verb found; same-sentence co-occurrence only. LOW CONFIDENCE, not a claimed relation."
place_tomb_of_bazen,place_stelae_park,CO_OCCURS_WITH,2,S4,S4 line 102,"No explicit relation verb found; same-sentence co-occurrence only. LOW CONFIDENCE, not a claimed relation."
place_tomb_of_bazen,person_laurel_phillipson,CO_OCCURS_WITH,1,S4,S4 line 102,"No explicit relation verb found; same-sentence co-occurrence only. LOW CONFIDENCE, not a claimed relation."
place_tomb_of_bazen,person_king_kaleb,CO_OCCURS_WITH,2,S4,S4 line 102,"No explicit relation verb found; same-sentence co-occurrence only. LOW CONFIDENCE, not a claimed relation."
place_tomb_of_bazen,person_jacke_phillips,CO_OCCURS_WITH,1,S4,S4 line 102,"No explicit relation verb found; same-sentence co-occurrence only. LOW CONFIDENCE, not a claimed relation."
place_tomb_of_bazen,period_aksumite,CO_OCCURS_WITH,2,S4,S4 line 102,"No explicit relation verb found; same-sentence co-occurrence only. LOW CONFIDENCE, not a claimed relation."
place_tomb_of_bazen,period_classical_aksumite,CO_OCCURS_WITH,1,S4,S4 line 102,"No explicit relation verb found; same-sentence co-occurrence only. LOW CONFIDENCE, not a claimed relation."
place_tomb_of_bazen,object_inscription,CO_OCCURS_WITH,1,S4,S4 line 102,"No explicit relation verb found; same-sentence co-occurrence only. LOW CONFIDENCE, not a claimed relation."
place_tomb_of_bazen,object_pottery,CO_OCCURS_WITH,1,S4,S4 line 102,"No explicit relation verb found; same-sentence co-occurrence only. LOW CONFIDENCE, not a claimed relation."
place_tomb_of_bazen,object_glass,CO_OCCURS_WITH,1,S4,S4 line 102,"No explicit relation verb found; same-sentence co-occurrence only. LOW CONFIDENCE, not a claimed relation."
place_tomb_of_bazen,object_beads,CO_OCCURS_WITH,1,S4,S4 line 102,"No explicit relation verb found; same-sentence co-occurrence only. LOW CONFIDENCE, not a claimed relation."
place_tomb_of_bazen,object_ivory,CO_OCCURS_WITH,1,S4,S4 line 102,"No explicit relation verb found; same-sentence co-occurrence only. LOW CONFIDENCE, not a claimed relation."
place_tomb_of_bazen,object_coins,CO_OCCURS_WITH,1,S4,S4 line 102,"No explicit relation verb found; same-sentence co-occurrence only. LOW CONFIDENCE, not a claimed relation."
place_tomb_of_bazen,object_stelae,CO_OCCURS_WITH,2,S4,S4 line 102,"No explicit relation verb found; same-sentence co-occurrence only. LOW CONFIDENCE, not a claimed relation."
place_tomb_of_the_false_door,place_tombs_of_kaleb_and_gabra_maskal,CO_OCCURS_WITH,1,S4,S4 line 102,"No explicit relation verb found; same-sentence co-occurrence only. LOW CONFIDENCE, not a claimed relation."
place_tomb_of_the_false_door,place_mausoleum,CO_OCCURS_WITH,2,S4,S4 line 102,"No explicit relation verb found; same-sentence co-occurrence only. LOW CONFIDENCE, not a claimed relation."
place_tomb_of_the_false_door,place_stelae_park,CO_OCCURS_WITH,1,S4,S4 line 102,"No explicit relation verb found; same-sentence co-occurrence only. LOW CONFIDENCE, not a claimed relation."
place_tomb_of_the_false_door,person_laurel_phillipson,CO_OCCURS_WITH,1,S4,S4 line 102,"No explicit relation verb found; same-sentence co-occurrence only. LOW CONFIDENCE, not a claimed relation."
place_tomb_of_the_false_door,person_king_kaleb,CO_OCCURS_WITH,2,S4,S4 line 102,"No explicit relation verb found; same-sentence co-occurrence only. LOW CONFIDENCE, not a claimed relation."
place_tomb_of_the_false_door,person_jacke_phillips,CO_OCCURS_WITH,1,S4,S4 line 102,"No explicit relation verb found; same-sentence co-occurrence only. LOW CONFIDENCE, not a claimed relation."
place_tomb_of_the_false_door,period_aksumite,CO_OCCURS_WITH,2,S4,S4 line 102,"No explicit relation verb found; same-sentence co-occurrence only. LOW CONFIDENCE, not a claimed relation."
place_tomb_of_the_false_door,period_classical_aksumite,CO_OCCURS_WITH,1,S4,S4 line 102,"No explicit relation verb found; same-sentence co-occurrence only. LOW CONFIDENCE, not a claimed relation."
place_tomb_of_the_false_door,object_inscription,CO_OCCURS_WITH,1,S4,S4 line 102,"No explicit relation verb found; same-sentence co-occurrence only. LOW CONFIDENCE, not a claimed relation."
place_tomb_of_the_false_door,object_pottery,CO_OCCURS_WITH,1,S4,S4 line 102,"No explicit relation verb found; same-sentence co-occurrence only. LOW CONFIDENCE, not a claimed relation."
place_tomb_of_the_false_door,object_glass,CO_OCCURS_WITH,1,S4,S4 line 102,"No explicit relation verb found; same-sentence co-occurrence only. LOW CONFIDENCE, not a claimed relation."
place_tomb_of_the_false_door,object_beads,CO_OCCURS_WITH,1,S4,S4 line 102,"No explicit relation verb found; same-sentence co-occurrence only. LOW CONFIDENCE, not a claimed relation."
place_tomb_of_the_false_door,object_ivory,CO_OCCURS_WITH,1,S4,S4 line 102,"No explicit relation verb found; same-sentence co-occurrence only. LOW CONFIDENCE, not a claimed relation."
place_tomb_of_the_false_door,object_coins,CO_OCCURS_WITH,1,S4,S4 line 102,"No explicit relation verb found; same-sentence co-occurrence only. LOW CONFIDENCE, not a claimed relation."
place_tomb_of_the_false_door,object_stelae,CO_OCCURS_WITH,2,S4,S4 line 102,"No explicit relation verb found; same-sentence co-occurrence only. LOW CONFIDENCE, not a claimed relation."
place_tombs_of_kaleb_and_gabra_maskal,place_mausoleum,CO_OCCURS_WITH,1,S4,S4 line 102,"No explicit relation verb found; same-sentence co-occurrence only. LOW CONFIDENCE, not a claimed relation."
place_tombs_of_kaleb_and_gabra_maskal,place_stelae_park,CO_OCCURS_WITH,1,S4,S4 line 102,"No explicit relation verb found; same-sentence co-occurrence only. LOW CONFIDENCE, not a claimed relation."
place_tombs_of_kaleb_and_gabra_maskal,person_laurel_phillipson,CO_OCCURS_WITH,1,S4,S4 line 102,"No explicit relation verb found; same-sentence co-occurrence only. LOW CONFIDENCE, not a claimed relation."
place_tombs_of_kaleb_and_gabra_maskal,person_king_kaleb,CO_OCCURS_WITH,1,S4,S4 line 102,"No explicit relation verb found; same-sentence co-occurrence only. LOW CONFIDENCE, not a claimed relation."
place_tombs_of_kaleb_and_gabra_maskal,person_jacke_phillips,CO_OCCURS_WITH,1,S4,S4 line 102,"No explicit relation verb found; same-sentence co-occurrence only. LOW CONFIDENCE, not a claimed relation."
place_tombs_of_kaleb_and_gabra_maskal,period_aksumite,CO_OCCURS_WITH,1,S4,S4 line 102,"No explicit relation verb found; same-sentence co-occurrence only. LOW CONFIDENCE, not a claimed relation."
place_tombs_of_kaleb_and_gabra_maskal,period_classical_aksumite,CO_OCCURS_WITH,1,S4,S4 line 102,"No explicit relation verb found; same-sentence co-occurrence only. LOW CONFIDENCE, not a claimed relation."
place_tombs_of_kaleb_and_gabra_maskal,object_inscription,CO_OCCURS_WITH,1,S4,S4 line 102,"No explicit relation verb found; same-sentence co-occurrence only. LOW CONFIDENCE, not a claimed relation."
place_tombs_of_kaleb_and_gabra_maskal,object_pottery,CO_OCCURS_WITH,1,S4,S4 line 102,"No explicit relation verb found; same-sentence co-occurrence only. LOW CONFIDENCE, not a claimed relation."
place_tombs_of_kaleb_and_gabra_maskal,object_glass,CO_OCCURS_WITH,1,S4,S4 line 102,"No explicit relation verb found; same-sentence co-occurrence only. LOW CONFIDENCE, not a claimed relation."
place_tombs_of_kaleb_and_gabra_maskal,object_beads,CO_OCCURS_WITH,1,S4,S4 line 102,"No explicit relation verb found; same-sentence co-occurrence only. LOW CONFIDENCE, not a claimed relation."
place_tombs_of_kaleb_and_gabra_maskal,object_ivory,CO_OCCURS_WITH,1,S4,S4 line 102,"No explicit relation verb found; same-sentence co-occurrence only. LOW CONFIDENCE, not a claimed relation."
place_tombs_of_kaleb_and_gabra_maskal,object_coins,CO_OCCURS_WITH,1,S4,S4 line 102,"No explicit relation verb found; same-sentence co-occurrence only. LOW CONFIDENCE, not a claimed relation."
place_tombs_of_kaleb_and_gabra_maskal,object_stelae,CO_OCCURS_WITH,1,S4,S4 line 102,"No explicit relation verb found; same-sentence co-occurrence only. LOW CONFIDENCE, not a claimed relation."
place_mausoleum,place_stelae_park,CO_OCCURS_WITH,1,S4,S4 line 102,"No explicit relation verb found; same-sentence co-occurrence only. LOW CONFIDENCE, not a claimed relation."
place_mausoleum,person_laurel_phillipson,CO_OCCURS_WITH,1,S4,S4 line 102,"No explicit relation verb found; same-sentence co-occurrence only. LOW CONFIDENCE, not a claimed relation."
place_mausoleum,person_king_kaleb,CO_OCCURS_WITH,3,S4,S4 line 102,"No explicit relation verb found; same-sentence co-occurrence only. LOW CONFIDENCE, not a claimed relation."
place_mausoleum,person_jacke_phillips,CO_OCCURS_WITH,1,S4,S4 line 102,"No explicit relation verb found; same-sentence co-occurrence only. LOW CONFIDENCE, not a claimed relation."
place_mausoleum,period_aksumite,CO_OCCURS_WITH,3,S4,S4 line 102,"No explicit relation verb found; same-sentence co-occurrence only. LOW CONFIDENCE, not a claimed relation."
place_mausoleum,period_classical_aksumite,CO_OCCURS_WITH,1,S4,S4 line 102,"No explicit relation verb found; same-sentence co-occurrence only. LOW CONFIDENCE, not a claimed relation."
place_mausoleum,object_inscription,CO_OCCURS_WITH,1,S4,S4 line 102,"No explicit relation verb found; same-sentence co-occurrence only. LOW CONFIDENCE, not a claimed relation."
place_mausoleum,object_pottery,CO_OCCURS_WITH,2,S4,S4 line 102,"No explicit relation verb found; same-sentence co-occurrence only. LOW CONFIDENCE, not a claimed relation."
place_mausoleum,object_glass,CO_OCCURS_WITH,1,S4,S4 line 102,"No explicit relation verb found; same-sentence co-occurrence only. LOW CONFIDENCE, not a claimed relation."
place_mausoleum,object_beads,CO_OCCURS_WITH,1,S4,S4 line 102,"No explicit relation verb found; same-sentence co-occurrence only. LOW CONFIDENCE, not a claimed relation."
place_mausoleum,object_ivory,CO_OCCURS_WITH,2,S4,S4 line 102,"No explicit relation verb found; same-sentence co-occurrence only. LOW CONFIDENCE, not a claimed relation."
place_mausoleum,object_coins,CO_OCCURS_WITH,1,S4,S4 line 102,"No explicit relation verb found; same-sentence co-occurrence only. LOW CONFIDENCE, not a claimed relation."
place_mausoleum,object_stelae,CO_OCCURS_WITH,3,S4,S4 line 102,"No explicit relation verb found; same-sentence co-occurrence only. LOW CONFIDENCE, not a claimed relation."
place_stelae_park,person_laurel_phillipson,CO_OCCURS_WITH,1,S4,S4 line 102,"No explicit relation verb found; same-sentence co-occurrence only. LOW CONFIDENCE, not a claimed relation."
place_stelae_park,person_king_kaleb,CO_OCCURS_WITH,2,S4,S4 line 102,"No explicit relation verb found; same-sentence co-occurrence only. LOW CONFIDENCE, not a claimed relation."
place_stelae_park,person_jacke_phillips,CO_OCCURS_WITH,1,S4,S4 line 102,"No explicit relation verb found; same-sentence co-occurrence only. LOW CONFIDENCE, not a claimed relation."
place_stelae_park,period_aksumite,CO_OCCURS_WITH,3,S4,S4 line 102,"No explicit relation verb found; same-sentence co-occurrence only. LOW CONFIDENCE, not a claimed relation."
place_stelae_park,period_classical_aksumite,CO_OCCURS_WITH,1,S4,S4 line 102,"No explicit relation verb found; same-sentence co-occurrence only. LOW CONFIDENCE, not a claimed relation."
place_stelae_park,object_inscription,CO_OCCURS_WITH,1,S4,S4 line 102,"No explicit relation verb found; same-sentence co-occurrence only. LOW CONFIDENCE, not a claimed relation."
place_stelae_park,object_pottery,CO_OCCURS_WITH,1,S4,S4 line 102,"No explicit relation verb found; same-sentence co-occurrence only. LOW CONFIDENCE, not a claimed relation."
place_stelae_park,object_glass,CO_OCCURS_WITH,2,S4,S4 line 102,"No explicit relation verb found; same-sentence co-occurrence only. LOW CONFIDENCE, not a claimed relation."
place_stelae_park,object_beads,CO_OCCURS_WITH,2,S4,S4 line 102,"No explicit relation verb found; same-sentence co-occurrence only. LOW CONFIDENCE, not a claimed relation."
place_stelae_park,object_ivory,CO_OCCURS_WITH,2,S4,S4 line 102,"No explicit relation verb found; same-sentence co-occurrence only. LOW CONFIDENCE, not a claimed relation."
place_stelae_park,object_coins,CO_OCCURS_WITH,1,S4,S4 line 102,"No explicit relation verb found; same-sentence co-occurrence only. LOW CONFIDENCE, not a claimed relation."
person_laurel_phillipson,person_king_kaleb,CO_OCCURS_WITH,1,S4,S4 line 102,"No explicit relation verb found; same-sentence co-occurrence only. LOW CONFIDENCE, not a claimed relation."
person_laurel_phillipson,person_jacke_phillips,CO_OCCURS_WITH,1,S4,S4 line 102,"No explicit relation verb found; same-sentence co-occurrence only. LOW CONFIDENCE, not a claimed relation."
person_laurel_phillipson,period_aksumite,CO_OCCURS_WITH,2,S4,S4 line 102,"No explicit relation verb found; same-sentence co-occurrence only. LOW CONFIDENCE, not a claimed relation."
person_laurel_phillipson,period_classical_aksumite,CO_OCCURS_WITH,1,S4,S4 line 102,"No explicit relation verb found; same-sentence co-occurrence only. LOW CONFIDENCE, not a claimed relation."
person_laurel_phillipson,object_inscription,CO_OCCURS_WITH,1,S4,S4 line 102,"No explicit relation verb found; same-sentence co-occurrence only. LOW CONFIDENCE, not a claimed relation."
person_laurel_phillipson,object_coins,CO_OCCURS_WITH,1,S4,S4 line 102,"No explicit relation verb found; same-sentence co-occurrence only. LOW CONFIDENCE, not a claimed relation."
person_laurel_phillipson,object_stelae,CO_OCCURS_WITH,1,S4,S4 line 102,"No explicit relation verb found; same-sentence co-occurrence only. LOW CONFIDENCE, not a claimed relation."
person_king_kaleb,person_jacke_phillips,CO_OCCURS_WITH,1,S4,S4 line 102,"No explicit relation verb found; same-sentence co-occurrence only. LOW CONFIDENCE, not a claimed relation."
person_king_kaleb,period_classical_aksumite,CO_OCCURS_WITH,1,S4,S4 line 102,"No explicit relation verb found; same-sentence co-occurrence only. LOW CONFIDENCE, not a claimed relation."
person_king_kaleb,object_glass,CO_OCCURS_WITH,1,S4,S4 line 102,"No explicit relation verb found; same-sentence co-occurrence only. LOW CONFIDENCE, not a claimed relation."
person_king_kaleb,object_beads,CO_OCCURS_WITH,1,S4,S4 line 102,"No explicit relation verb found; same-sentence co-occurrence only. LOW CONFIDENCE, not a claimed relation."
person_jacke_phillips,period_aksumite,CO_OCCURS_WITH,1,S4,S4 line 102,"No explicit relation verb found; same-sentence co-occurrence only. LOW CONFIDENCE, not a claimed relation."
person_jacke_phillips,period_classical_aksumite,CO_OCCURS_WITH,1,S4,S4 line 102,"No explicit relation verb found; same-sentence co-occurrence only. LOW CONFIDENCE, not a claimed relation."
person_jacke_phillips,object_inscription,CO_OCCURS_WITH,1,S4,S4 line 102,"No explicit relation verb found; same-sentence co-occurrence only. LOW CONFIDENCE, not a claimed relation."
person_jacke_phillips,object_coins,CO_OCCURS_WITH,1,S4,S4 line 102,"No explicit relation verb found; same-sentence co-occurrence only. LOW CONFIDENCE, not a claimed relation."
person_jacke_phillips,object_stelae,CO_OCCURS_WITH,1,S4,S4 line 102,"No explicit relation verb found; same-sentence co-occurrence only. LOW CONFIDENCE, not a claimed relation."
period_aksumite,period_classical_aksumite,CO_OCCURS_WITH,2,S4,S4 line 102,"No explicit relation verb found; same-sentence co-occurrence only. LOW CONFIDENCE, not a claimed relation."
period_aksumite,object_glass,CO_OCCURS_WITH,3,S4,S4 line 102,"No explicit relation verb found; same-sentence co-occurrence only. LOW CONFIDENCE, not a claimed relation."
period_aksumite,object_beads,CO_OCCURS_WITH,5,S4,S4 line 102,"No explicit relation verb found; same-sentence co-occurrence only. LOW CONFIDENCE, not a claimed relation."
period_classical_aksumite,object_inscription,CO_OCCURS_WITH,1,S4,S4 line 102,"No explicit relation verb found; same-sentence co-occurrence only. LOW CONFIDENCE, not a claimed relation."
period_classical_aksumite,object_pottery,CO_OCCURS_WITH,2,S4,S4 line 102,"No explicit relation verb found; same-sentence co-occurrence only. LOW CONFIDENCE, not a claimed relation."
period_classical_aksumite,object_glass,CO_OCCURS_WITH,2,S4,S4 line 102,"No explicit relation verb found; same-sentence co-occurrence only. LOW CONFIDENCE, not a claimed relation."
period_classical_aksumite,object_beads,CO_OCCURS_WITH,1,S4,S4 line 102,"No explicit relation verb found; same-sentence co-occurrence only. LOW CONFIDENCE, not a claimed relation."
period_classical_aksumite,object_ivory,CO_OCCURS_WITH,1,S4,S4 line 102,"No explicit relation verb found; same-sentence co-occurrence only. LOW CONFIDENCE, not a claimed relation."
period_classical_aksumite,object_coins,CO_OCCURS_WITH,1,S4,S4 line 102,"No explicit relation verb found; same-sentence co-occurrence only. LOW CONFIDENCE, not a claimed relation."
period_classical_aksumite,object_stelae,CO_OCCURS_WITH,1,S4,S4 line 102,"No explicit relation verb found; same-sentence co-occurrence only. LOW CONFIDENCE, not a claimed relation."
object_inscription,object_glass,CO_OCCURS_WITH,1,S4,S4 line 102,"No explicit relation verb found; same-sentence co-occurrence only. LOW CONFIDENCE, not a claimed relation."
object_inscription,object_beads,CO_OCCURS_WITH,1,S4,S4 line 102,"No explicit relation verb found; same-sentence co-occurrence only. LOW CONFIDENCE, not a claimed relation."
object_pottery,object_coins,CO_OCCURS_WITH,1,S4,S4 line 102,"No explicit relation verb found; same-sentence co-occurrence only. LOW CONFIDENCE, not a claimed relation."
object_pottery,object_stelae,CO_OCCURS_WITH,1,S4,S4 line 102,"No explicit relation verb found; same-sentence co-occurrence only. LOW CONFIDENCE, not a claimed relation."
object_glass,object_coins,CO_OCCURS_WITH,1,S4,S4 line 102,"No explicit relation verb found; same-sentence co-occurrence only. LOW CONFIDENCE, not a claimed relation."
object_glass,object_stelae,CO_OCCURS_WITH,1,S4,S4 line 102,"No explicit relation verb found; same-sentence co-occurrence only. LOW CONFIDENCE, not a claimed relation."
object_beads,object_coins,CO_OCCURS_WITH,1,S4,S4 line 102,"No explicit relation verb found; same-sentence co-occurrence only. LOW CONFIDENCE, not a claimed relation."
object_beads,object_stelae,CO_OCCURS_WITH,1,S4,S4 line 102,"No explicit relation verb found; same-sentence co-occurrence only. LOW CONFIDENCE, not a claimed relation."
object_ivory,object_coins,CO_OCCURS_WITH,1,S4,S4 line 102,"No explicit relation verb found; same-sentence co-occurrence only. LOW CONFIDENCE, not a claimed relation."
object_ivory,object_stelae,CO_OCCURS_WITH,1,S4,S4 line 102,"No explicit relation verb found; same-sentence co-occurrence only. LOW CONFIDENCE, not a claimed relation."
object_coins,object_stelae,CO_OCCURS_WITH,1,S4,S4 line 102,"No explicit relation verb found; same-sentence co-occurrence only. LOW CONFIDENCE, not a claimed relation."
place_d_site_kidane_mehret,feature_trench_d,CO_OCCURS_WITH,1,S4,S4 line 144,"No explicit relation verb found; same-sentence co-occurrence only. LOW CONFIDENCE, not a claimed relation."
place_d_site_kidane_mehret,feature_trench_d13,CO_OCCURS_WITH,1,S4,S4 line 144,"No explicit relation verb found; same-sentence co-occurrence only. LOW CONFIDENCE, not a claimed relation."
place_d_site_kidane_mehret,feature_trench_d22,CO_OCCURS_WITH,2,S4,S4 line 144,"No explicit relation verb found; same-sentence co-occurrence only. LOW CONFIDENCE, not a claimed relation."
place_d_site_kidane_mehret,feature_trenches,CO_OCCURS_WITH,2,S4,S4 line 144,"No explicit relation verb found; same-sentence co-occurrence only. LOW CONFIDENCE, not a claimed relation."
place_d_site_kidane_mehret,period_late_aksumite,CO_OCCURS_WITH,5,S4,S4 line 144,"No explicit relation verb found; same-sentence co-occurrence only. LOW CONFIDENCE, not a claimed relation."
place_d_site_kidane_mehret,period_pre_aksumite,CO_OCCURS_WITH,4,S4,S4 line 144,"No explicit relation verb found; same-sentence co-occurrence only. LOW CONFIDENCE, not a claimed relation."
feature_trench_d,feature_trench_d13,CO_OCCURS_WITH,1,S4,S4 line 144,"No explicit relation verb found; same-sentence co-occurrence only. LOW CONFIDENCE, not a claimed relation."
feature_trench_d,feature_trench_d22,CO_OCCURS_WITH,1,S4,S4 line 144,"No explicit relation verb found; same-sentence co-occurrence only. LOW CONFIDENCE, not a claimed relation."
feature_trench_d,feature_trenches,CO_OCCURS_WITH,1,S4,S4 line 144,"No explicit relation verb found; same-sentence co-occurrence only. LOW CONFIDENCE, not a claimed relation."
feature_trench_d,period_late_aksumite,CO_OCCURS_WITH,1,S4,S4 line 144,"No explicit relation verb found; same-sentence co-occurrence only. LOW CONFIDENCE, not a claimed relation."
feature_trench_d,period_pre_aksumite,CO_OCCURS_WITH,1,S4,S4 line 144,"No explicit relation verb found; same-sentence co-occurrence only. LOW CONFIDENCE, not a claimed relation."
feature_trench_d13,feature_trench_d22,CO_OCCURS_WITH,1,S4,S4 line 144,"No explicit relation verb found; same-sentence co-occurrence only. LOW CONFIDENCE, not a claimed relation."
feature_trench_d13,feature_trenches,CO_OCCURS_WITH,1,S4,S4 line 144,"No explicit relation verb found; same-sentence co-occurrence only. LOW CONFIDENCE, not a claimed relation."
feature_trench_d13,period_late_aksumite,CO_OCCURS_WITH,1,S4,S4 line 144,"No explicit relation verb found; same-sentence co-occurrence only. LOW CONFIDENCE, not a claimed relation."
feature_trench_d13,period_pre_aksumite,CO_OCCURS_WITH,1,S4,S4 line 144,"No explicit relation verb found; same-sentence co-occurrence only. LOW CONFIDENCE, not a claimed relation."
feature_trench_d22,feature_trenches,CO_OCCURS_WITH,3,S4,S4 line 144,"No explicit relation verb found; same-sentence co-occurrence only. LOW CONFIDENCE, not a claimed relation."
feature_trench_d22,period_late_aksumite,CO_OCCURS_WITH,1,S4,S4 line 144,"No explicit relation verb found; same-sentence co-occurrence only. LOW CONFIDENCE, not a claimed relation."
feature_trench_d22,period_pre_aksumite,CO_OCCURS_WITH,2,S4,S4 line 144,"No explicit relation verb found; same-sentence co-occurrence only. LOW CONFIDENCE, not a claimed relation."
feature_trenches,period_late_aksumite,CO_OCCURS_WITH,3,S4,S4 line 144,"No explicit relation verb found; same-sentence co-occurrence only. LOW CONFIDENCE, not a claimed relation."
feature_trenches,period_pre_aksumite,CO_OCCURS_WITH,2,S4,S4 line 144,"No explicit relation verb found; same-sentence co-occurrence only. LOW CONFIDENCE, not a claimed relation."
period_late_aksumite,period_pre_aksumite,CO_OCCURS_WITH,3,S4,S4 line 144,"No explicit relation verb found; same-sentence co-occurrence only. LOW CONFIDENCE, not a claimed relation."
place_d_site_kidane_mehret,period_post_aksumite,CO_OCCURS_WITH,2,S4,S4 line 184,"No explicit relation verb found; same-sentence co-occurrence only. LOW CONFIDENCE, not a claimed relation."
place_d_site_kidane_mehret,object_inscription,CO_OCCURS_WITH,3,S4,S4 line 184,"No explicit relation verb found; same-sentence co-occurrence only. LOW CONFIDENCE, not a claimed relation."
place_d_site_kidane_mehret,object_iron,CO_OCCURS_WITH,1,S4,S4 line 184,"No explicit relation verb found; same-sentence co-occurrence only. LOW CONFIDENCE, not a claimed relation."
period_pre_aksumite,period_late_aksumite,CO_OCCURS_WITH,1,S4,S4 line 184,"No explicit relation verb found; same-sentence co-occurrence only. LOW CONFIDENCE, not a claimed relation."
period_pre_aksumite,object_inscription,CO_OCCURS_WITH,1,S4,S4 line 184,"No explicit relation verb found; same-sentence co-occurrence only. LOW CONFIDENCE, not a claimed relation."
period_pre_aksumite,object_glass,CO_OCCURS_WITH,1,S4,S4 line 184,"No explicit relation verb found; same-sentence co-occurrence only. LOW CONFIDENCE, not a claimed relation."
period_pre_aksumite,object_beads,CO_OCCURS_WITH,1,S4,S4 line 184,"No explicit relation verb found; same-sentence co-occurrence only. LOW CONFIDENCE, not a claimed relation."
period_pre_aksumite,object_iron,CO_OCCURS_WITH,1,S4,S4 line 184,"No explicit relation verb found; same-sentence co-occurrence only. LOW CONFIDENCE, not a claimed relation."
period_pre_aksumite,object_ivory,CO_OCCURS_WITH,2,S4,S4 line 184,"No explicit relation verb found; same-sentence co-occurrence only. LOW CONFIDENCE, not a claimed relation."
period_late_aksumite,period_post_aksumite,CO_OCCURS_WITH,1,S4,S4 line 184,"No explicit relation verb found; same-sentence co-occurrence only. LOW CONFIDENCE, not a claimed relation."
period_late_aksumite,object_inscription,CO_OCCURS_WITH,3,S4,S4 line 184,"No explicit relation verb found; same-sentence co-occurrence only. LOW CONFIDENCE, not a claimed relation."
period_late_aksumite,object_pottery,CO_OCCURS_WITH,3,S4,S4 line 184,"No explicit relation verb found; same-sentence co-occurrence only. LOW CONFIDENCE, not a claimed relation."
period_late_aksumite,object_glass,CO_OCCURS_WITH,3,S4,S4 line 184,"No explicit relation verb found; same-sentence co-occurrence only. LOW CONFIDENCE, not a claimed relation."
period_late_aksumite,object_beads,CO_OCCURS_WITH,2,S4,S4 line 184,"No explicit relation verb found; same-sentence co-occurrence only. LOW CONFIDENCE, not a claimed relation."
period_late_aksumite,object_iron,CO_OCCURS_WITH,1,S4,S4 line 184,"No explicit relation verb found; same-sentence co-occurrence only. LOW CONFIDENCE, not a claimed relation."
period_late_aksumite,object_ivory,CO_OCCURS_WITH,3,S4,S4 line 184,"No explicit relation verb found; same-sentence co-occurrence only. LOW CONFIDENCE, not a claimed relation."
period_post_aksumite,object_inscription,CO_OCCURS_WITH,1,S4,S4 line 184,"No explicit relation verb found; same-sentence co-occurrence only. LOW CONFIDENCE, not a claimed relation."
period_post_aksumite,object_pottery,CO_OCCURS_WITH,3,S4,S4 line 184,"No explicit relation verb found; same-sentence co-occurrence only. LOW CONFIDENCE, not a claimed relation."
period_post_aksumite,object_glass,CO_OCCURS_WITH,2,S4,S4 line 184,"No explicit relation verb found; same-sentence co-occurrence only. LOW CONFIDENCE, not a claimed relation."
period_post_aksumite,object_beads,CO_OCCURS_WITH,1,S4,S4 line 184,"No explicit relation verb found; same-sentence co-occurrence only. LOW CONFIDENCE, not a claimed relation."
period_post_aksumite,object_iron,CO_OCCURS_WITH,1,S4,S4 line 184,"No explicit relation verb found; same-sentence co-occurrence only. LOW CONFIDENCE, not a claimed relation."
period_post_aksumite,object_ivory,CO_OCCURS_WITH,1,S4,S4 line 184,"No explicit relation verb found; same-sentence co-occurrence only. LOW CONFIDENCE, not a claimed relation."
object_inscription,object_iron,CO_OCCURS_WITH,1,S4,S4 line 184,"No explicit relation verb found; same-sentence co-occurrence only. LOW CONFIDENCE, not a claimed relation."
object_pottery,object_iron,CO_OCCURS_WITH,1,S4,S4 line 184,"No explicit relation verb found; same-sentence co-occurrence only. LOW CONFIDENCE, not a claimed relation."
object_glass,object_iron,CO_OCCURS_WITH,1,S4,S4 line 184,"No explicit relation verb found; same-sentence co-occurrence only. LOW CONFIDENCE, not a claimed relation."
object_beads,object_iron,CO_OCCURS_WITH,1,S4,S4 line 184,"No explicit relation verb found; same-sentence co-occurrence only. LOW CONFIDENCE, not a claimed relation."
object_iron,object_ivory,CO_OCCURS_WITH,1,S4,S4 line 184,"No explicit relation verb found; same-sentence co-occurrence only. LOW CONFIDENCE, not a claimed relation."
place_d_site_kidane_mehret,place_beta_giyorgis,CO_OCCURS_WITH,2,S4,S4 line 230,"No explicit relation verb found; same-sentence co-occurrence only. LOW CONFIDENCE, not a claimed relation."
place_d_site_kidane_mehret,period_aksumite,CO_OCCURS_WITH,5,S4,S4 line 230,"No explicit relation verb found; same-sentence co-occurrence only. LOW CONFIDENCE, not a claimed relation."
place_d_site_kidane_mehret,object_silver,CO_OCCURS_WITH,1,S4,S4 line 230,"No explicit relation verb found; same-sentence co-occurrence only. LOW CONFIDENCE, not a claimed relation."
place_k_site_maleke_aksum,place_beta_giyorgis,CO_OCCURS_WITH,1,S4,S4 line 230,"No explicit relation verb found; same-sentence co-occurrence only. LOW CONFIDENCE, not a claimed relation."
place_k_site_maleke_aksum,feature_trenches,CO_OCCURS_WITH,3,S4,S4 line 230,"No explicit relation verb found; same-sentence co-occurrence only. LOW CONFIDENCE, not a claimed relation."
place_k_site_maleke_aksum,period_late_aksumite,CO_OCCURS_WITH,3,S4,S4 line 230,"No explicit relation verb found; same-sentence co-occurrence only. LOW CONFIDENCE, not a claimed relation."
place_k_site_maleke_aksum,period_post_aksumite,CO_OCCURS_WITH,2,S4,S4 line 230,"No explicit relation verb found; same-sentence co-occurrence only. LOW CONFIDENCE, not a claimed relation."
place_k_site_maleke_aksum,period_pre_aksumite,CO_OCCURS_WITH,2,S4,S4 line 230,"No explicit relation verb found; same-sentence co-occurrence only. LOW CONFIDENCE, not a claimed relation."
place_k_site_maleke_aksum,period_aksumite,CO_OCCURS_WITH,3,S4,S4 line 230,"No explicit relation verb found; same-sentence co-occurrence only. LOW CONFIDENCE, not a claimed relation."
place_k_site_maleke_aksum,object_silver,CO_OCCURS_WITH,1,S4,S4 line 230,"No explicit relation verb found; same-sentence co-occurrence only. LOW CONFIDENCE, not a claimed relation."
place_beta_giyorgis,feature_trenches,CO_OCCURS_WITH,1,S4,S4 line 230,"No explicit relation verb found; same-sentence co-occurrence only. LOW CONFIDENCE, not a claimed relation."
place_beta_giyorgis,period_late_aksumite,CO_OCCURS_WITH,2,S4,S4 line 230,"No explicit relation verb found; same-sentence co-occurrence only. LOW CONFIDENCE, not a claimed relation."
place_beta_giyorgis,period_post_aksumite,CO_OCCURS_WITH,1,S4,S4 line 230,"No explicit relation verb found; same-sentence co-occurrence only. LOW CONFIDENCE, not a claimed relation."
place_beta_giyorgis,period_pre_aksumite,CO_OCCURS_WITH,1,S4,S4 line 230,"No explicit relation verb found; same-sentence co-occurrence only. LOW CONFIDENCE, not a claimed relation."
place_beta_giyorgis,object_glass,CO_OCCURS_WITH,2,S4,S4 line 230,"No explicit relation verb found; same-sentence co-occurrence only. LOW CONFIDENCE, not a claimed relation."
place_beta_giyorgis,object_beads,CO_OCCURS_WITH,3,S4,S4 line 230,"No explicit relation verb found; same-sentence co-occurrence only. LOW CONFIDENCE, not a claimed relation."
feature_trenches,period_post_aksumite,CO_OCCURS_WITH,3,S4,S4 line 230,"No explicit relation verb found; same-sentence co-occurrence only. LOW CONFIDENCE, not a claimed relation."
feature_trenches,period_aksumite,CO_OCCURS_WITH,2,S4,S4 line 230,"No explicit relation verb found; same-sentence co-occurrence only. LOW CONFIDENCE, not a claimed relation."
feature_trenches,object_pottery,CO_OCCURS_WITH,3,S4,S4 line 230,"No explicit relation verb found; same-sentence co-occurrence only. LOW CONFIDENCE, not a claimed relation."
feature_trenches,object_glass,CO_OCCURS_WITH,2,S4,S4 line 230,"No explicit relation verb found; same-sentence co-occurrence only. LOW CONFIDENCE, not a claimed relation."
feature_trenches,object_beads,CO_OCCURS_WITH,1,S4,S4 line 230,"No explicit relation verb found; same-sentence co-occurrence only. LOW CONFIDENCE, not a claimed relation."
feature_trenches,object_silver,CO_OCCURS_WITH,1,S4,S4 line 230,"No explicit relation verb found; same-sentence co-occurrence only. LOW CONFIDENCE, not a claimed relation."
period_late_aksumite,period_aksumite,CO_OCCURS_WITH,4,S4,S4 line 230,"No explicit relation verb found; same-sentence co-occurrence only. LOW CONFIDENCE, not a claimed relation."
period_late_aksumite,object_silver,CO_OCCURS_WITH,1,S4,S4 line 230,"No explicit relation verb found; same-sentence co-occurrence only. LOW CONFIDENCE, not a claimed relation."
period_post_aksumite,period_pre_aksumite,CO_OCCURS_WITH,2,S4,S4 line 230,"No explicit relation verb found; same-sentence co-occurrence only. LOW CONFIDENCE, not a claimed relation."
period_post_aksumite,period_aksumite,CO_OCCURS_WITH,2,S4,S4 line 230,"No explicit relation verb found; same-sentence co-occurrence only. LOW CONFIDENCE, not a claimed relation."
period_post_aksumite,object_silver,CO_OCCURS_WITH,1,S4,S4 line 230,"No explicit relation verb found; same-sentence co-occurrence only. LOW CONFIDENCE, not a claimed relation."
period_pre_aksumite,period_aksumite,CO_OCCURS_WITH,3,S4,S4 line 230,"No explicit relation verb found; same-sentence co-occurrence only. LOW CONFIDENCE, not a claimed relation."
period_pre_aksumite,object_silver,CO_OCCURS_WITH,1,S4,S4 line 230,"No explicit relation verb found; same-sentence co-occurrence only. LOW CONFIDENCE, not a claimed relation."
object_pottery,object_silver,CO_OCCURS_WITH,1,S4,S4 line 230,"No explicit relation verb found; same-sentence co-occurrence only. LOW CONFIDENCE, not a claimed relation."
object_glass,object_silver,CO_OCCURS_WITH,1,S4,S4 line 230,"No explicit relation verb found; same-sentence co-occurrence only. LOW CONFIDENCE, not a claimed relation."
object_beads,object_silver,CO_OCCURS_WITH,1,S4,S4 line 230,"No explicit relation verb found; same-sentence co-occurrence only. LOW CONFIDENCE, not a claimed relation."
place_k_site_maleke_aksum,place_p_site,CO_OCCURS_WITH,1,S4,S4 line 276,"No explicit relation verb found; same-sentence co-occurrence only. LOW CONFIDENCE, not a claimed relation."
place_k_site_maleke_aksum,place_l_site,CO_OCCURS_WITH,1,S4,S4 line 276,"No explicit relation verb found; same-sentence co-occurrence only. LOW CONFIDENCE, not a claimed relation."
place_k_site_maleke_aksum,place_mestaha_werki,CO_OCCURS_WITH,1,S4,S4 line 276,"No explicit relation verb found; same-sentence co-occurrence only. LOW CONFIDENCE, not a claimed relation."
place_k_site_maleke_aksum,place_adi_tsehafi,CO_OCCURS_WITH,1,S4,S4 line 276,"No explicit relation verb found; same-sentence co-occurrence only. LOW CONFIDENCE, not a claimed relation."
place_k_site_maleke_aksum,place_tomb_of_bazen,CO_OCCURS_WITH,1,S4,S4 line 276,"No explicit relation verb found; same-sentence co-occurrence only. LOW CONFIDENCE, not a claimed relation."
place_k_site_maleke_aksum,place_tomb_of_the_false_door,CO_OCCURS_WITH,1,S4,S4 line 276,"No explicit relation verb found; same-sentence co-occurrence only. LOW CONFIDENCE, not a claimed relation."
place_k_site_maleke_aksum,place_aksum,CO_OCCURS_WITH,3,S4,S4 line 276,"No explicit relation verb found; same-sentence co-occurrence only. LOW CONFIDENCE, not a claimed relation."
place_k_site_maleke_aksum,place_gudit_stelae_field,CO_OCCURS_WITH,1,S4,S4 line 276,"No explicit relation verb found; same-sentence co-occurrence only. LOW CONFIDENCE, not a claimed relation."
place_k_site_maleke_aksum,person_king_kaleb,CO_OCCURS_WITH,1,S4,S4 line 276,"No explicit relation verb found; same-sentence co-occurrence only. LOW CONFIDENCE, not a claimed relation."
place_k_site_maleke_aksum,object_iron,CO_OCCURS_WITH,1,S4,S4 line 276,"No explicit relation verb found; same-sentence co-occurrence only. LOW CONFIDENCE, not a claimed relation."
place_k_site_maleke_aksum,object_inscription,CO_OCCURS_WITH,1,S4,S4 line 276,"No explicit relation verb found; same-sentence co-occurrence only. LOW CONFIDENCE, not a claimed relation."
place_k_site_maleke_aksum,object_stelae,CO_OCCURS_WITH,2,S4,S4 line 276,"No explicit relation verb found; same-sentence co-occurrence only. LOW CONFIDENCE, not a claimed relation."
place_p_site,place_l_site,CO_OCCURS_WITH,1,S4,S4 line 276,"No explicit relation verb found; same-sentence co-occurrence only. LOW CONFIDENCE, not a claimed relation."
place_p_site,place_mestaha_werki,CO_OCCURS_WITH,1,S4,S4 line 276,"No explicit relation verb found; same-sentence co-occurrence only. LOW CONFIDENCE, not a claimed relation."
place_p_site,place_adi_tsehafi,CO_OCCURS_WITH,1,S4,S4 line 276,"No explicit relation verb found; same-sentence co-occurrence only. LOW CONFIDENCE, not a claimed relation."
place_p_site,place_tomb_of_bazen,CO_OCCURS_WITH,1,S4,S4 line 276,"No explicit relation verb found; same-sentence co-occurrence only. LOW CONFIDENCE, not a claimed relation."
place_p_site,place_tomb_of_the_false_door,CO_OCCURS_WITH,1,S4,S4 line 276,"No explicit relation verb found; same-sentence co-occurrence only. LOW CONFIDENCE, not a claimed relation."
place_p_site,place_aksum,CO_OCCURS_WITH,1,S4,S4 line 276,"No explicit relation verb found; same-sentence co-occurrence only. LOW CONFIDENCE, not a claimed relation."
place_p_site,place_gudit_stelae_field,CO_OCCURS_WITH,1,S4,S4 line 276,"No explicit relation verb found; same-sentence co-occurrence only. LOW CONFIDENCE, not a claimed relation."
place_p_site,person_king_kaleb,CO_OCCURS_WITH,1,S4,S4 line 276,"No explicit relation verb found; same-sentence co-occurrence only. LOW CONFIDENCE, not a claimed relation."
place_p_site,object_iron,CO_OCCURS_WITH,1,S4,S4 line 276,"No explicit relation verb found; same-sentence co-occurrence only. LOW CONFIDENCE, not a claimed relation."
place_p_site,object_ivory,CO_OCCURS_WITH,1,S4,S4 line 276,"No explicit relation verb found; same-sentence co-occurrence only. LOW CONFIDENCE, not a claimed relation."
place_p_site,object_inscription,CO_OCCURS_WITH,1,S4,S4 line 276,"No explicit relation verb found; same-sentence co-occurrence only. LOW CONFIDENCE, not a claimed relation."
place_p_site,object_stelae,CO_OCCURS_WITH,1,S4,S4 line 276,"No explicit relation verb found; same-sentence co-occurrence only. LOW CONFIDENCE, not a claimed relation."
place_l_site,place_aksum,CO_OCCURS_WITH,1,S4,S4 line 276,"No explicit relation verb found; same-sentence co-occurrence only. LOW CONFIDENCE, not a claimed relation."
place_l_site,place_gudit_stelae_field,CO_OCCURS_WITH,1,S4,S4 line 276,"No explicit relation verb found; same-sentence co-occurrence only. LOW CONFIDENCE, not a claimed relation."
place_l_site,object_iron,CO_OCCURS_WITH,1,S4,S4 line 276,"No explicit relation verb found; same-sentence co-occurrence only. LOW CONFIDENCE, not a claimed relation."
place_mestaha_werki,place_aksum,CO_OCCURS_WITH,1,S4,S4 line 276,"No explicit relation verb found; same-sentence co-occurrence only. LOW CONFIDENCE, not a claimed relation."
place_mestaha_werki,place_gudit_stelae_field,CO_OCCURS_WITH,1,S4,S4 line 276,"No explicit relation verb found; same-sentence co-occurrence only. LOW CONFIDENCE, not a claimed relation."
place_mestaha_werki,object_iron,CO_OCCURS_WITH,1,S4,S4 line 276,"No explicit relation verb found; same-sentence co-occurrence only. LOW CONFIDENCE, not a claimed relation."
place_adi_tsehafi,place_aksum,CO_OCCURS_WITH,1,S4,S4 line 276,"No explicit relation verb found; same-sentence co-occurrence only. LOW CONFIDENCE, not a claimed relation."
place_adi_tsehafi,place_gudit_stelae_field,CO_OCCURS_WITH,1,S4,S4 line 276,"No explicit relation verb found; same-sentence co-occurrence only. LOW CONFIDENCE, not a claimed relation."
place_adi_tsehafi,object_iron,CO_OCCURS_WITH,1,S4,S4 line 276,"No explicit relation verb found; same-sentence co-occurrence only. LOW CONFIDENCE, not a claimed relation."
place_tomb_of_bazen,place_aksum,CO_OCCURS_WITH,1,S4,S4 line 276,"No explicit relation verb found; same-sentence co-occurrence only. LOW CONFIDENCE, not a claimed relation."
place_tomb_of_bazen,place_gudit_stelae_field,CO_OCCURS_WITH,1,S4,S4 line 276,"No explicit relation verb found; same-sentence co-occurrence only. LOW CONFIDENCE, not a claimed relation."
place_tomb_of_bazen,object_iron,CO_OCCURS_WITH,1,S4,S4 line 276,"No explicit relation verb found; same-sentence co-occurrence only. LOW CONFIDENCE, not a claimed relation."
place_tomb_of_the_false_door,place_aksum,CO_OCCURS_WITH,1,S4,S4 line 276,"No explicit relation verb found; same-sentence co-occurrence only. LOW CONFIDENCE, not a claimed relation."
place_tomb_of_the_false_door,place_gudit_stelae_field,CO_OCCURS_WITH,1,S4,S4 line 276,"No explicit relation verb found; same-sentence co-occurrence only. LOW CONFIDENCE, not a claimed relation."
place_tomb_of_the_false_door,object_iron,CO_OCCURS_WITH,1,S4,S4 line 276,"No explicit relation verb found; same-sentence co-occurrence only. LOW CONFIDENCE, not a claimed relation."
place_aksum,place_gudit_stelae_field,CO_OCCURS_WITH,1,S4,S4 line 276,"No explicit relation verb found; same-sentence co-occurrence only. LOW CONFIDENCE, not a claimed relation."
place_aksum,object_iron,CO_OCCURS_WITH,2,S4,S4 line 276,"No explicit relation verb found; same-sentence co-occurrence only. LOW CONFIDENCE, not a claimed relation."
place_gudit_stelae_field,person_king_kaleb,CO_OCCURS_WITH,2,S4,S4 line 276,"No explicit relation verb found; same-sentence co-occurrence only. LOW CONFIDENCE, not a claimed relation."
place_gudit_stelae_field,object_iron,CO_OCCURS_WITH,1,S4,S4 line 276,"No explicit relation verb found; same-sentence co-occurrence only. LOW CONFIDENCE, not a claimed relation."
place_gudit_stelae_field,object_ivory,CO_OCCURS_WITH,2,S4,S4 line 276,"No explicit relation verb found; same-sentence co-occurrence only. LOW CONFIDENCE, not a claimed relation."
place_gudit_stelae_field,object_inscription,CO_OCCURS_WITH,1,S4,S4 line 276,"No explicit relation verb found; same-sentence co-occurrence only. LOW CONFIDENCE, not a claimed relation."
place_gudit_stelae_field,object_stelae,CO_OCCURS_WITH,4,S4,S4 line 276,"No explicit relation verb found; same-sentence co-occurrence only. LOW CONFIDENCE, not a claimed relation."
person_king_kaleb,object_iron,CO_OCCURS_WITH,1,S4,S4 line 276,"No explicit relation verb found; same-sentence co-occurrence only. LOW CONFIDENCE, not a claimed relation."
object_iron,object_inscription,CO_OCCURS_WITH,1,S4,S4 line 276,"No explicit relation verb found; same-sentence co-occurrence only. LOW CONFIDENCE, not a claimed relation."
object_iron,object_stelae,CO_OCCURS_WITH,1,S4,S4 line 276,"No explicit relation verb found; same-sentence co-occurrence only. LOW CONFIDENCE, not a claimed relation."
object_ivory,object_inscription,CO_OCCURS_WITH,1,S4,S4 line 276,"No explicit relation verb found; same-sentence co-occurrence only. LOW CONFIDENCE, not a claimed relation."
place_aksum,place_k_site_maleke_aksum,CO_OCCURS_WITH,2,S4,S4 line 322,"No explicit relation verb found; same-sentence co-occurrence only. LOW CONFIDENCE, not a claimed relation."
place_aksum,place_tomb_of_the_brick_arches,CO_OCCURS_WITH,2,S4,S4 line 322,"No explicit relation verb found; same-sentence co-occurrence only. LOW CONFIDENCE, not a claimed relation."
place_aksum,place_d_site_kidane_mehret,CO_OCCURS_WITH,3,S4,S4 line 322,"No explicit relation verb found; same-sentence co-occurrence only. LOW CONFIDENCE, not a claimed relation."
place_aksum,place_mausoleum,CO_OCCURS_WITH,3,S4,S4 line 322,"No explicit relation verb found; same-sentence co-occurrence only. LOW CONFIDENCE, not a claimed relation."
place_aksum,place_gobedra,CO_OCCURS_WITH,4,S4,S4 line 322,"No explicit relation verb found; same-sentence co-occurrence only. LOW CONFIDENCE, not a claimed relation."
place_aksum,period_classical_aksumite,CO_OCCURS_WITH,1,S4,S4 line 322,"No explicit relation verb found; same-sentence co-occurrence only. LOW CONFIDENCE, not a claimed relation."
place_k_site_maleke_aksum,place_tomb_of_the_brick_arches,CO_OCCURS_WITH,1,S4,S4 line 322,"No explicit relation verb found; same-sentence co-occurrence only. LOW CONFIDENCE, not a claimed relation."
place_k_site_maleke_aksum,place_d_site_kidane_mehret,CO_OCCURS_WITH,3,S4,S4 line 322,"No explicit relation verb found; same-sentence co-occurrence only. LOW CONFIDENCE, not a claimed relation."
place_k_site_maleke_aksum,place_mausoleum,CO_OCCURS_WITH,2,S4,S4 line 322,"No explicit relation verb found; same-sentence co-occurrence only. LOW CONFIDENCE, not a claimed relation."
place_k_site_maleke_aksum,place_gobedra,CO_OCCURS_WITH,2,S4,S4 line 322,"No explicit relation verb found; same-sentence co-occurrence only. LOW CONFIDENCE, not a claimed relation."
place_k_site_maleke_aksum,period_classical_aksumite,CO_OCCURS_WITH,1,S4,S4 line 322,"No explicit relation verb found; same-sentence co-occurrence only. LOW CONFIDENCE, not a claimed relation."
place_k_site_maleke_aksum,object_coins,CO_OCCURS_WITH,1,S4,S4 line 322,"No explicit relation verb found; same-sentence co-occurrence only. LOW CONFIDENCE, not a claimed relation."
place_tomb_of_the_brick_arches,place_d_site_kidane_mehret,CO_OCCURS_WITH,3,S4,S4 line 322,"No explicit relation verb found; same-sentence co-occurrence only. LOW CONFIDENCE, not a claimed relation."
place_tomb_of_the_brick_arches,place_mausoleum,CO_OCCURS_WITH,4,S4,S4 line 322,"No explicit relation verb found; same-sentence co-occurrence only. LOW CONFIDENCE, not a claimed relation."
place_tomb_of_the_brick_arches,place_gobedra,CO_OCCURS_WITH,1,S4,S4 line 322,"No explicit relation verb found; same-sentence co-occurrence only. LOW CONFIDENCE, not a claimed relation."
place_tomb_of_the_brick_arches,period_classical_aksumite,CO_OCCURS_WITH,3,S4,S4 line 322,"No explicit relation verb found; same-sentence co-occurrence only. LOW CONFIDENCE, not a claimed relation."
place_tomb_of_the_brick_arches,period_aksumite,CO_OCCURS_WITH,3,S4,S4 line 322,"No explicit relation verb found; same-sentence co-occurrence only. LOW CONFIDENCE, not a claimed relation."
place_tomb_of_the_brick_arches,object_pottery,CO_OCCURS_WITH,3,S4,S4 line 322,"No explicit relation verb found; same-sentence co-occurrence only. LOW CONFIDENCE, not a claimed relation."
place_tomb_of_the_brick_arches,object_ivory,CO_OCCURS_WITH,3,S4,S4 line 322,"No explicit relation verb found; same-sentence co-occurrence only. LOW CONFIDENCE, not a claimed relation."
place_tomb_of_the_brick_arches,object_stelae,CO_OCCURS_WITH,4,S4,S4 line 322,"No explicit relation verb found; same-sentence co-occurrence only. LOW CONFIDENCE, not a claimed relation."
place_tomb_of_the_brick_arches,object_coins,CO_OCCURS_WITH,1,S4,S4 line 322,"No explicit relation verb found; same-sentence co-occurrence only. LOW CONFIDENCE, not a claimed relation."
place_tomb_of_the_brick_arches,object_inscription,CO_OCCURS_WITH,1,S4,S4 line 322,"No explicit relation verb found; same-sentence co-occurrence only. LOW CONFIDENCE, not a claimed relation."
place_d_site_kidane_mehret,place_mausoleum,CO_OCCURS_WITH,2,S4,S4 line 322,"No explicit relation verb found; same-sentence co-occurrence only. LOW CONFIDENCE, not a claimed relation."
place_d_site_kidane_mehret,place_gobedra,CO_OCCURS_WITH,3,S4,S4 line 322,"No explicit relation verb found; same-sentence co-occurrence only. LOW CONFIDENCE, not a claimed relation."
place_d_site_kidane_mehret,period_classical_aksumite,CO_OCCURS_WITH,2,S4,S4 line 322,"No explicit relation verb found; same-sentence co-occurrence only. LOW CONFIDENCE, not a claimed relation."
place_d_site_kidane_mehret,object_stelae,CO_OCCURS_WITH,3,S4,S4 line 322,"No explicit relation verb found; same-sentence co-occurrence only. LOW CONFIDENCE, not a claimed relation."
place_d_site_kidane_mehret,object_coins,CO_OCCURS_WITH,3,S4,S4 line 322,"No explicit relation verb found; same-sentence co-occurrence only. LOW CONFIDENCE, not a claimed relation."
place_mausoleum,place_gobedra,CO_OCCURS_WITH,1,S4,S4 line 322,"No explicit relation verb found; same-sentence co-occurrence only. LOW CONFIDENCE, not a claimed relation."
place_gobedra,period_classical_aksumite,CO_OCCURS_WITH,1,S4,S4 line 322,"No explicit relation verb found; same-sentence co-occurrence only. LOW CONFIDENCE, not a claimed relation."
place_gobedra,period_aksumite,CO_OCCURS_WITH,4,S4,S4 line 322,"No explicit relation verb found; same-sentence co-occurrence only. LOW CONFIDENCE, not a claimed relation."
place_gobedra,object_pottery,CO_OCCURS_WITH,1,S4,S4 line 322,"No explicit relation verb found; same-sentence co-occurrence only. LOW CONFIDENCE, not a claimed relation."
place_gobedra,object_ivory,CO_OCCURS_WITH,1,S4,S4 line 322,"No explicit relation verb found; same-sentence co-occurrence only. LOW CONFIDENCE, not a claimed relation."
place_gobedra,object_stelae,CO_OCCURS_WITH,2,S4,S4 line 322,"No explicit relation verb found; same-sentence co-occurrence only. LOW CONFIDENCE, not a claimed relation."
place_gobedra,object_coins,CO_OCCURS_WITH,1,S4,S4 line 322,"No explicit relation verb found; same-sentence co-occurrence only. LOW CONFIDENCE, not a claimed relation."
place_gobedra,object_inscription,CO_OCCURS_WITH,1,S4,S4 line 322,"No explicit relation verb found; same-sentence co-occurrence only. LOW CONFIDENCE, not a claimed relation."
period_classical_aksumite,period_aksumite,CO_OCCURS_WITH,2,S4,S4 line 322,"No explicit relation verb found; same-sentence co-occurrence only. LOW CONFIDENCE, not a claimed relation."
object_pottery,object_inscription,CO_OCCURS_WITH,2,S4,S4 line 322,"No explicit relation verb found; same-sentence co-occurrence only. LOW CONFIDENCE, not a claimed relation."
place_yeha,period_pre_aksumite,CO_OCCURS_WITH,2,S4,S4 line 364,"No explicit relation verb found; same-sentence co-occurrence only. LOW CONFIDENCE, not a claimed relation."
place_yeha,period_late_aksumite,CO_OCCURS_WITH,1,S4,S4 line 364,"No explicit relation verb found; same-sentence co-occurrence only. LOW CONFIDENCE, not a claimed relation."
place_aksum,place_tombs_of_kaleb_and_gabra_maskal,CO_OCCURS_WITH,1,S4,S4 line 368,"No explicit relation verb found; same-sentence co-occurrence only. LOW CONFIDENCE, not a claimed relation."
person_jacke_phillips,person_king_kaleb,CO_OCCURS_WITH,1,S4,S4 line 368,"No explicit relation verb found; same-sentence co-occurrence only. LOW CONFIDENCE, not a claimed relation."
place_aksum,place_adi_tsehafi,CO_OCCURS_WITH,3,S4,S4 line 384,"No explicit relation verb found; same-sentence co-occurrence only. LOW CONFIDENCE, not a claimed relation."
place_adi_tsehafi,person_king_ezana,CO_OCCURS_WITH,1,S4,S4 line 384,"No explicit relation verb found; same-sentence co-occurrence only. LOW CONFIDENCE, not a claimed relation."
place_d_site_kidane_mehret,place_aksum,CO_OCCURS_WITH,4,S4,S4 line 390,"No explicit relation verb found; same-sentence co-occurrence only. LOW CONFIDENCE, not a claimed relation."
place_aksum,feature_trench_d13,CO_OCCURS_WITH,2,S4,S4 line 390,"No explicit relation verb found; same-sentence co-occurrence only. LOW CONFIDENCE, not a claimed relation."
feature_trench_d13,object_pottery,CO_OCCURS_WITH,1,S4,S4 line 390,"No explicit relation verb found; same-sentence co-occurrence only. LOW CONFIDENCE, not a claimed relation."
period_aksumite,period_pre_aksumite,CO_OCCURS_WITH,4,S4,S4 line 399,"No explicit relation verb found; same-sentence co-occurrence only. LOW CONFIDENCE, not a claimed relation."
place_aksum,period_late_aksumite,CO_OCCURS_WITH,5,S4,S4 line 503,"No explicit relation verb found; same-sentence co-occurrence only. LOW CONFIDENCE, not a claimed relation."
place_aksum,place_dungur,CO_OCCURS_WITH,2,S4,S4 line 601,"No explicit relation verb found; same-sentence co-occurrence only. LOW CONFIDENCE, not a claimed relation."
place_d_site_kidane_mehret,place_dungur,CO_OCCURS_WITH,2,S4,S4 line 601,"No explicit relation verb found; same-sentence co-occurrence only. LOW CONFIDENCE, not a claimed relation."
place_dungur,period_pre_aksumite,CO_OCCURS_WITH,1,S4,S4 line 601,"No explicit relation verb found; same-sentence co-occurrence only. LOW CONFIDENCE, not a claimed relation."
place_dungur,period_late_aksumite,CO_OCCURS_WITH,2,S4,S4 line 601,"No explicit relation verb found; same-sentence co-occurrence only. LOW CONFIDENCE, not a claimed relation."
place_d_site_kidane_mehret,person_king_kaleb,CO_OCCURS_WITH,3,S4,S4 line 619,"No explicit relation verb found; same-sentence co-occurrence only. LOW CONFIDENCE, not a claimed relation."
place_dungur,person_king_kaleb,CO_OCCURS_WITH,1,S4,S4 line 619,"No explicit relation verb found; same-sentence co-occurrence only. LOW CONFIDENCE, not a claimed relation."
place_d_site_kidane_mehret,person_gersem,CO_OCCURS_WITH,2,S4,S4 line 649,"No explicit relation verb found; same-sentence co-occurrence only. LOW CONFIDENCE, not a claimed relation."
person_gersem,period_late_aksumite,CO_OCCURS_WITH,2,S4,S4 line 649,"No explicit relation verb found; same-sentence co-occurrence only. LOW CONFIDENCE, not a claimed relation."
person_gersem,period_pre_aksumite,CO_OCCURS_WITH,1,S4,S4 line 649,"No explicit relation verb found; same-sentence co-occurrence only. LOW CONFIDENCE, not a claimed relation."
person_gersem,object_coins,CO_OCCURS_WITH,2,S4,S4 line 649,"No explicit relation verb found; same-sentence co-occurrence only. LOW CONFIDENCE, not a claimed relation."
period_late_aksumite,object_coins,CO_OCCURS_WITH,2,S4,S4 line 649,"No explicit relation verb found; same-sentence co-occurrence only. LOW CONFIDENCE, not a claimed relation."
period_pre_aksumite,object_coins,CO_OCCURS_WITH,2,S4,S4 line 649,"No explicit relation verb found; same-sentence co-occurrence only. LOW CONFIDENCE, not a claimed relation."
place_d_site_kidane_mehret,feature_trench_late,CO_OCCURS_WITH,1,S4,S4 line 671,"No explicit relation verb found; same-sentence co-occurrence only. LOW CONFIDENCE, not a claimed relation."
feature_trench_late,period_late_aksumite,CO_OCCURS_WITH,1,S4,S4 line 671,"No explicit relation verb found; same-sentence co-occurrence only. LOW CONFIDENCE, not a claimed relation."
place_d_site_kidane_mehret,object_coin,CO_OCCURS_WITH,1,S4,S4 line 677,"No explicit relation verb found; same-sentence co-occurrence only. LOW CONFIDENCE, not a claimed relation."
period_late_aksumite,object_coin,CO_OCCURS_WITH,1,S4,S4 line 677,"No explicit relation verb found; same-sentence co-occurrence only. LOW CONFIDENCE, not a claimed relation."
period_post_aksumite,object_coins,CO_OCCURS_WITH,1,S4,S4 line 682,"No explicit relation verb found; same-sentence co-occurrence only. LOW CONFIDENCE, not a claimed relation."
place_mausoleum,place_d_site_kidane_mehret,CO_OCCURS_WITH,1,S4,S4 line 736,"No explicit relation verb found; same-sentence co-occurrence only. LOW CONFIDENCE, not a claimed relation."
feature_trenches,person_jacke_phillips,CO_OCCURS_WITH,1,S4,S4 line 782,"No explicit relation verb found; same-sentence co-occurrence only. LOW CONFIDENCE, not a claimed relation."
person_jacke_phillips,period_pre_aksumite,CO_OCCURS_WITH,1,S4,S4 line 782,"No explicit relation verb found; same-sentence co-occurrence only. LOW CONFIDENCE, not a claimed relation."
person_jacke_phillips,period_late_aksumite,CO_OCCURS_WITH,1,S4,S4 line 782,"No explicit relation verb found; same-sentence co-occurrence only. LOW CONFIDENCE, not a claimed relation."
feature_trenches,feature_trench_in,CO_OCCURS_WITH,1,S4,S4 line 799,"No explicit relation verb found; same-sentence co-occurrence only. LOW CONFIDENCE, not a claimed relation."
feature_trench_encompassing,feature_trenches,CO_OCCURS_WITH,1,S4,S4 line 811,"No explicit relation verb found; same-sentence co-occurrence only. LOW CONFIDENCE, not a claimed relation."
feature_trench_encompassing,period_pre_aksumite,CO_OCCURS_WITH,1,S4,S4 line 811,"No explicit relation verb found; same-sentence co-occurrence only. LOW CONFIDENCE, not a claimed relation."
feature_trench_encompassing,period_late_aksumite,CO_OCCURS_WITH,1,S4,S4 line 811,"No explicit relation verb found; same-sentence co-occurrence only. LOW CONFIDENCE, not a claimed relation."
feature_trench_encompassing,object_pottery,CO_OCCURS_WITH,1,S4,S4 line 811,"No explicit relation verb found; same-sentence co-occurrence only. LOW CONFIDENCE, not a claimed relation."
feature_trench_laid,period_pre_aksumite,CO_OCCURS_WITH,1,S4,S4 line 1376,"No explicit relation verb found; same-sentence co-occurrence only. LOW CONFIDENCE, not a claimed relation."
feature_trenches,feature_trench_cut,CO_OCCURS_WITH,1,S4,S4 line 1384,"No explicit relation verb found; same-sentence co-occurrence only. LOW CONFIDENCE, not a claimed relation."
feature_trench_cut,period_late_aksumite,CO_OCCURS_WITH,1,S4,S4 line 1384,"No explicit relation verb found; same-sentence co-occurrence only. LOW CONFIDENCE, not a claimed relation."
feature_trench_cut,object_ceramics,CO_OCCURS_WITH,1,S4,S4 line 1384,"No explicit relation verb found; same-sentence co-occurrence only. LOW CONFIDENCE, not a claimed relation."
period_late_aksumite,object_ceramics,CO_OCCURS_WITH,2,S4,S4 line 1384,"No explicit relation verb found; same-sentence co-occurrence only. LOW CONFIDENCE, not a claimed relation."
place_aksum,feature_trench_b,CO_OCCURS_WITH,1,S4,S4 line 1503,"No explicit relation verb found; same-sentence co-occurrence only. LOW CONFIDENCE, not a claimed relation."
feature_trenches,feature_trench_d13,CO_OCCURS_WITH,1,S4,S4 line 1512,"No explicit relation verb found; same-sentence co-occurrence only. LOW CONFIDENCE, not a claimed relation."
feature_trench_was,feature_trench_or,CO_OCCURS_WITH,1,S4,S4 line 1554,"No explicit relation verb found; same-sentence co-occurrence only. LOW CONFIDENCE, not a claimed relation."
period_aksumite,period_late_aksumite,CO_OCCURS_WITH,4,S4,S4 line 1663,"No explicit relation verb found; same-sentence co-occurrence only. LOW CONFIDENCE, not a claimed relation."
place_yeha,place_aksum,CO_OCCURS_WITH,2,S4,S4 line 1685,"No explicit relation verb found; same-sentence co-occurrence only. LOW CONFIDENCE, not a claimed relation."
place_yeha,person_jacke_phillips,CO_OCCURS_WITH,1,S4,S4 line 1685,"No explicit relation verb found; same-sentence co-occurrence only. LOW CONFIDENCE, not a claimed relation."
place_yeha,object_pottery,CO_OCCURS_WITH,2,S4,S4 line 1685,"No explicit relation verb found; same-sentence co-occurrence only. LOW CONFIDENCE, not a claimed relation."
feature_trench_d22,period_aksumite,CO_OCCURS_WITH,1,S4,S4 line 2043,"No explicit relation verb found; same-sentence co-occurrence only. LOW CONFIDENCE, not a claimed relation."
person_king_kaleb,period_late_aksumite,CO_OCCURS_WITH,3,S4,S4 line 2331,"No explicit relation verb found; same-sentence co-occurrence only. LOW CONFIDENCE, not a claimed relation."
place_d_site_kidane_mehret,object_ceramics,CO_OCCURS_WITH,2,S4,S4 line 2477,"No explicit relation verb found; same-sentence co-occurrence only. LOW CONFIDENCE, not a claimed relation."
period_aksumite,object_ceramics,CO_OCCURS_WITH,2,S4,S4 line 2477,"No explicit relation verb found; same-sentence co-occurrence only. LOW CONFIDENCE, not a claimed relation."
place_d_site_kidane_mehret,period_early_aksumite,CO_OCCURS_WITH,1,S4,S4 line 2512,"No explicit relation verb found; same-sentence co-occurrence only. LOW CONFIDENCE, not a claimed relation."
period_aksumite,period_early_aksumite,CO_OCCURS_WITH,2,S4,S4 line 2512,"No explicit relation verb found; same-sentence co-occurrence only. LOW CONFIDENCE, not a claimed relation."
period_early_aksumite,object_pottery,CO_OCCURS_WITH,2,S4,S4 line 2512,"No explicit relation verb found; same-sentence co-occurrence only. LOW CONFIDENCE, not a claimed relation."
period_early_aksumite,period_pre_aksumite,CO_OCCURS_WITH,1,S4,S4 line 2525,"No explicit relation verb found; same-sentence co-occurrence only. LOW CONFIDENCE, not a claimed relation."
period_early_aksumite,period_late_aksumite,CO_OCCURS_WITH,2,S4,S4 line 2525,"No explicit relation verb found; same-sentence co-occurrence only. LOW CONFIDENCE, not a claimed relation."
place_d_site_kidane_mehret,place_tomb_of_the_brick_arches,CO_OCCURS_WITH,2,S4,S4 line 2579,"No explicit relation verb found; same-sentence co-occurrence only. LOW CONFIDENCE, not a claimed relation."
place_tomb_of_the_brick_arches,period_late_aksumite,CO_OCCURS_WITH,3,S4,S4 line 2579,"No explicit relation verb found; same-sentence co-occurrence only. LOW CONFIDENCE, not a claimed relation."
period_late_aksumite,period_classical_aksumite,CO_OCCURS_WITH,2,S4,S4 line 2579,"No explicit relation verb found; same-sentence co-occurrence only. LOW CONFIDENCE, not a claimed relation."
place_tomb_of_the_brick_arches,period_pre_aksumite,CO_OCCURS_WITH,2,S4,S4 line 2640,"No explicit relation verb found; same-sentence co-occurrence only. LOW CONFIDENCE, not a claimed relation."
place_aksum,object_glass,CO_OCCURS_WITH,3,S4,S4 line 2828,"No explicit relation verb found; same-sentence co-occurrence only. LOW CONFIDENCE, not a claimed relation."
object_glass,object_coin,CO_OCCURS_WITH,1,S4,S4 line 2839,"No explicit relation verb found; same-sentence co-occurrence only. LOW CONFIDENCE, not a claimed relation."
place_aksum,object_beads,CO_OCCURS_WITH,5,S4,S4 line 2879,"No explicit relation verb found; same-sentence co-occurrence only. LOW CONFIDENCE, not a claimed relation."
object_beads,object_glass,CO_OCCURS_WITH,3,S4,S4 line 2883,"No explicit relation verb found; same-sentence co-occurrence only. LOW CONFIDENCE, not a claimed relation."
place_tomb_of_the_brick_arches,place_aksum,CO_OCCURS_WITH,2,S4,S4 line 2893,"No explicit relation verb found; same-sentence co-occurrence only. LOW CONFIDENCE, not a claimed relation."
place_tomb_of_the_brick_arches,object_glass,CO_OCCURS_WITH,2,S4,S4 line 2893,"No explicit relation verb found; same-sentence co-occurrence only. LOW CONFIDENCE, not a claimed relation."
place_tomb_of_the_brick_arches,object_beads,CO_OCCURS_WITH,2,S4,S4 line 2893,"No explicit relation verb found; same-sentence co-occurrence only. LOW CONFIDENCE, not a claimed relation."
place_mausoleum,place_aksum,CO_OCCURS_WITH,1,S4,S4 line 2893,"No explicit relation verb found; same-sentence co-occurrence only. LOW CONFIDENCE, not a claimed relation."
place_mausoleum,period_late_aksumite,CO_OCCURS_WITH,3,S4,S4 line 2893,"No explicit relation verb found; same-sentence co-occurrence only. LOW CONFIDENCE, not a claimed relation."
person_hataz,person_gersem,CO_OCCURS_WITH,2,S4,S4 line 3014,"No explicit relation verb found; same-sentence co-occurrence only. LOW CONFIDENCE, not a claimed relation."
person_hataz,person_armah,CO_OCCURS_WITH,1,S4,S4 line 3018,"No explicit relation verb found; same-sentence co-occurrence only. LOW CONFIDENCE, not a claimed relation."
person_hataz,period_pre_aksumite,CO_OCCURS_WITH,2,S4,S4 line 3018,"No explicit relation verb found; same-sentence co-occurrence only. LOW CONFIDENCE, not a claimed relation."
person_hataz,object_coins,CO_OCCURS_WITH,3,S4,S4 line 3018,"No explicit relation verb found; same-sentence co-occurrence only. LOW CONFIDENCE, not a claimed relation."
person_gersem,person_armah,CO_OCCURS_WITH,1,S4,S4 line 3018,"No explicit relation verb found; same-sentence co-occurrence only. LOW CONFIDENCE, not a claimed relation."
person_armah,period_pre_aksumite,CO_OCCURS_WITH,1,S4,S4 line 3018,"No explicit relation verb found; same-sentence co-occurrence only. LOW CONFIDENCE, not a claimed relation."
person_armah,object_coins,CO_OCCURS_WITH,2,S4,S4 line 3018,"No explicit relation verb found; same-sentence co-occurrence only. LOW CONFIDENCE, not a claimed relation."
object_iron,object_coins,CO_OCCURS_WITH,1,S4,S4 line 3028,"No explicit relation verb found; same-sentence co-occurrence only. LOW CONFIDENCE, not a claimed relation."
feature_trench_d13,period_post_aksumite,CO_OCCURS_WITH,1,S4,S4 line 3174,"No explicit relation verb found; same-sentence co-occurrence only. LOW CONFIDENCE, not a claimed relation."
feature_trench_d13,object_iron,CO_OCCURS_WITH,1,S4,S4 line 3174,"No explicit relation verb found; same-sentence co-occurrence only. LOW CONFIDENCE, not a claimed relation."
feature_trench_d13,object_ivory,CO_OCCURS_WITH,1,S4,S4 line 3174,"No explicit relation verb found; same-sentence co-occurrence only. LOW CONFIDENCE, not a claimed relation."
period_post_aksumite,period_late_aksumite,CO_OCCURS_WITH,2,S4,S4 line 3174,"No explicit relation verb found; same-sentence co-occurrence only. LOW CONFIDENCE, not a claimed relation."
person_laurel_phillipson,period_late_aksumite,CO_OCCURS_WITH,1,S4,S4 line 3231,"No explicit relation verb found; same-sentence co-occurrence only. LOW CONFIDENCE, not a claimed relation."
place_aksum,feature_trenches,CO_OCCURS_WITH,2,S4,S4 line 3400,"No explicit relation verb found; same-sentence co-occurrence only. LOW CONFIDENCE, not a claimed relation."
feature_trenches,person_laurel_phillipson,CO_OCCURS_WITH,1,S4,S4 line 3400,"No explicit relation verb found; same-sentence co-occurrence only. LOW CONFIDENCE, not a claimed relation."
person_laurel_phillipson,period_pre_aksumite,CO_OCCURS_WITH,1,S4,S4 line 3400,"No explicit relation verb found; same-sentence co-occurrence only. LOW CONFIDENCE, not a claimed relation."
place_mausoleum,period_pre_aksumite,CO_OCCURS_WITH,2,S4,S4 line 3557,"No explicit relation verb found; same-sentence co-occurrence only. LOW CONFIDENCE, not a claimed relation."
feature_trench_d,period_post_aksumite,CO_OCCURS_WITH,1,S4,S4 line 4021,"No explicit relation verb found; same-sentence co-occurrence only. LOW CONFIDENCE, not a claimed relation."
feature_trench_d,period_aksumite,CO_OCCURS_WITH,1,S4,S4 line 4021,"No explicit relation verb found; same-sentence co-occurrence only. LOW CONFIDENCE, not a claimed relation."
feature_trench_d,object_pottery,CO_OCCURS_WITH,1,S4,S4 line 4021,"No explicit relation verb found; same-sentence co-occurrence only. LOW CONFIDENCE, not a claimed relation."
feature_trenches,object_ivory,CO_OCCURS_WITH,1,S4,S4 line 4077,"No explicit relation verb found; same-sentence co-occurrence only. LOW CONFIDENCE, not a claimed relation."
place_aksum,place_yeha,CO_OCCURS_WITH,2,S4,S4 line 4304,"No explicit relation verb found; same-sentence co-occurrence only. LOW CONFIDENCE, not a claimed relation."
place_yeha,place_d_site_kidane_mehret,CO_OCCURS_WITH,2,S4,S4 line 4304,"No explicit relation verb found; same-sentence co-occurrence only. LOW CONFIDENCE, not a claimed relation."
place_yeha,person_king_ezana,CO_OCCURS_WITH,1,S4,S4 line 4304,"No explicit relation verb found; same-sentence co-occurrence only. LOW CONFIDENCE, not a claimed relation."
place_yeha,period_aksumite,CO_OCCURS_WITH,3,S4,S4 line 4304,"No explicit relation verb found; same-sentence co-occurrence only. LOW CONFIDENCE, not a claimed relation."
place_yeha,object_inscription,CO_OCCURS_WITH,1,S4,S4 line 4304,"No explicit relation verb found; same-sentence co-occurrence only. LOW CONFIDENCE, not a claimed relation."
place_yeha,object_iron,CO_OCCURS_WITH,1,S4,S4 line 4304,"No explicit relation verb found; same-sentence co-occurrence only. LOW CONFIDENCE, not a claimed relation."
place_yeha,object_beads,CO_OCCURS_WITH,2,S4,S4 line 4304,"No explicit relation verb found; same-sentence co-occurrence only. LOW CONFIDENCE, not a claimed relation."
place_yeha,object_glass,CO_OCCURS_WITH,1,S4,S4 line 4304,"No explicit relation verb found; same-sentence co-occurrence only. LOW CONFIDENCE, not a claimed relation."
place_d_site_kidane_mehret,person_king_ezana,CO_OCCURS_WITH,1,S4,S4 line 4304,"No explicit relation verb found; same-sentence co-occurrence only. LOW CONFIDENCE, not a claimed relation."
person_king_ezana,period_pre_aksumite,CO_OCCURS_WITH,1,S4,S4 line 4304,"No explicit relation verb found; same-sentence co-occurrence only. LOW CONFIDENCE, not a claimed relation."
person_king_ezana,period_late_aksumite,CO_OCCURS_WITH,2,S4,S4 line 4304,"No explicit relation verb found; same-sentence co-occurrence only. LOW CONFIDENCE, not a claimed relation."
person_king_ezana,object_iron,CO_OCCURS_WITH,1,S4,S4 line 4304,"No explicit relation verb found; same-sentence co-occurrence only. LOW CONFIDENCE, not a claimed relation."
person_king_ezana,object_beads,CO_OCCURS_WITH,1,S4,S4 line 4304,"No explicit relation verb found; same-sentence co-occurrence only. LOW CONFIDENCE, not a claimed relation."
person_king_ezana,object_glass,CO_OCCURS_WITH,1,S4,S4 line 4304,"No explicit relation verb found; same-sentence co-occurrence only. LOW CONFIDENCE, not a claimed relation."
period_aksumite,object_iron,CO_OCCURS_WITH,1,S4,S4 line 4304,"No explicit relation verb found; same-sentence co-occurrence only. LOW CONFIDENCE, not a claimed relation."
object_iron,object_beads,CO_OCCURS_WITH,1,S4,S4 line 4304,"No explicit relation verb found; same-sentence co-occurrence only. LOW CONFIDENCE, not a claimed relation."
object_iron,object_glass,CO_OCCURS_WITH,1,S4,S4 line 4304,"No explicit relation verb found; same-sentence co-occurrence only. LOW CONFIDENCE, not a claimed relation."
place_dungur,place_aksum,CO_OCCURS_WITH,1,S4,S4 line 4326,"No explicit relation verb found; same-sentence co-occurrence only. LOW CONFIDENCE, not a claimed relation."
place_adulis,place_d_site_kidane_mehret,CO_OCCURS_WITH,1,S4,S4 line 4404,"No explicit relation verb found; same-sentence co-occurrence only. LOW CONFIDENCE, not a claimed relation."
place_adulis,place_aksum,CO_OCCURS_WITH,1,S4,S4 line 4404,"No explicit relation verb found; same-sentence co-occurrence only. LOW CONFIDENCE, not a claimed relation."
place_adulis,period_aksumite,CO_OCCURS_WITH,2,S4,S4 line 4404,"No explicit relation verb found; same-sentence co-occurrence only. LOW CONFIDENCE, not a claimed relation."
place_adulis,period_late_aksumite,CO_OCCURS_WITH,1,S4,S4 line 4404,"No explicit relation verb found; same-sentence co-occurrence only. LOW CONFIDENCE, not a claimed relation."
place_k_site_maleke_aksum,feature_trench_d13,CO_OCCURS_WITH,2,S4,S4 line 4437,"No explicit relation verb found; same-sentence co-occurrence only. LOW CONFIDENCE, not a claimed relation."
feature_trench_d13,period_aksumite,CO_OCCURS_WITH,2,S4,S4 line 4437,"No explicit relation verb found; same-sentence co-occurrence only. LOW CONFIDENCE, not a claimed relation."
object_silver,object_coins,CO_OCCURS_WITH,1,S4,S4 line 4480,"No explicit relation verb found; same-sentence co-occurrence only. LOW CONFIDENCE, not a claimed relation."
place_d_site_kidane_mehret,place_gudit_stelae_field,CO_OCCURS_WITH,2,S4,S4 line 4488,"No explicit relation verb found; same-sentence co-occurrence only. LOW CONFIDENCE, not a claimed relation."
place_gudit_stelae_field,period_late_aksumite,CO_OCCURS_WITH,2,S4,S4 line 4488,"No explicit relation verb found; same-sentence co-occurrence only. LOW CONFIDENCE, not a claimed relation."
period_late_aksumite,object_stelae,CO_OCCURS_WITH,2,S4,S4 line 4488,"No explicit relation verb found; same-sentence co-occurrence only. LOW CONFIDENCE, not a claimed relation."
place_d_site_kidane_mehret,object_gold,CO_OCCURS_WITH,2,S4,S4 line 4520,"No explicit relation verb found; same-sentence co-occurrence only. LOW CONFIDENCE, not a claimed relation."
object_gold,object_coins,CO_OCCURS_WITH,1,S4,S4 line 4520,"No explicit relation verb found; same-sentence co-occurrence only. LOW CONFIDENCE, not a claimed relation."
place_aksum,feature_trench_designations,CO_OCCURS_WITH,1,S4,S4 line 4559,"No explicit relation verb found; same-sentence co-occurrence only. LOW CONFIDENCE, not a claimed relation."
place_beta_giyorgis,place_d_site_kidane_mehret,CO_OCCURS_WITH,2,S4,S4 line 4559,"No explicit relation verb found; same-sentence co-occurrence only. LOW CONFIDENCE, not a claimed relation."
place_beta_giyorgis,feature_trench_designations,CO_OCCURS_WITH,1,S4,S4 line 4559,"No explicit relation verb found; same-sentence co-occurrence only. LOW CONFIDENCE, not a claimed relation."
place_d_site_kidane_mehret,feature_trench_designations,CO_OCCURS_WITH,1,S4,S4 line 4559,"No explicit relation verb found; same-sentence co-occurrence only. LOW CONFIDENCE, not a claimed relation."
feature_trenches,feature_trench_designations,CO_OCCURS_WITH,1,S4,S4 line 4559,"No explicit relation verb found; same-sentence co-occurrence only. LOW CONFIDENCE, not a claimed relation."
feature_trench_designations,period_aksumite,CO_OCCURS_WITH,1,S4,S4 line 4559,"No explicit relation verb found; same-sentence co-occurrence only. LOW CONFIDENCE, not a claimed relation."
object_pottery,object_coin,CO_OCCURS_WITH,1,S4,S4 line 4575,"No explicit relation verb found; same-sentence co-occurrence only. LOW CONFIDENCE, not a claimed relation."
place_k_site_maleke_aksum,feature_trench_kl,CO_OCCURS_WITH,1,S4,S4 line 4579,"No explicit relation verb found; same-sentence co-occurrence only. LOW CONFIDENCE, not a claimed relation."
place_beta_giyorgis,feature_trench_kl,CO_OCCURS_WITH,1,S4,S4 line 4579,"No explicit relation verb found; same-sentence co-occurrence only. LOW CONFIDENCE, not a claimed relation."
feature_trench_kl,object_pottery,CO_OCCURS_WITH,1,S4,S4 line 4579,"No explicit relation verb found; same-sentence co-occurrence only. LOW CONFIDENCE, not a claimed relation."
feature_trench_were,feature_trench_kl,CO_OCCURS_WITH,1,S4,S4 line 4634,"No explicit relation verb found; same-sentence co-occurrence only. LOW CONFIDENCE, not a claimed relation."
feature_trench_were,period_aksumite,CO_OCCURS_WITH,1,S4,S4 line 4634,"No explicit relation verb found; same-sentence co-occurrence only. LOW CONFIDENCE, not a claimed relation."
feature_trench_were,object_glass,CO_OCCURS_WITH,1,S4,S4 line 4634,"No explicit relation verb found; same-sentence co-occurrence only. LOW CONFIDENCE, not a claimed relation."
feature_trench_kl,period_aksumite,CO_OCCURS_WITH,1,S4,S4 line 4634,"No explicit relation verb found; same-sentence co-occurrence only. LOW CONFIDENCE, not a claimed relation."
feature_trench_kl,object_glass,CO_OCCURS_WITH,1,S4,S4 line 4634,"No explicit relation verb found; same-sentence co-occurrence only. LOW CONFIDENCE, not a claimed relation."
place_k_site_maleke_aksum,person_hataz,CO_OCCURS_WITH,1,S4,S4 line 4648,"No explicit relation verb found; same-sentence co-occurrence only. LOW CONFIDENCE, not a claimed relation."
place_k_site_maleke_aksum,object_coin,CO_OCCURS_WITH,1,S4,S4 line 4648,"No explicit relation verb found; same-sentence co-occurrence only. LOW CONFIDENCE, not a claimed relation."
feature_trenches,person_hataz,CO_OCCURS_WITH,1,S4,S4 line 4648,"No explicit relation verb found; same-sentence co-occurrence only. LOW CONFIDENCE, not a claimed relation."
feature_trenches,object_coin,CO_OCCURS_WITH,1,S4,S4 line 4648,"No explicit relation verb found; same-sentence co-occurrence only. LOW CONFIDENCE, not a claimed relation."
person_hataz,period_aksumite,CO_OCCURS_WITH,2,S4,S4 line 4648,"No explicit relation verb found; same-sentence co-occurrence only. LOW CONFIDENCE, not a claimed relation."
person_hataz,object_coin,CO_OCCURS_WITH,1,S4,S4 line 4648,"No explicit relation verb found; same-sentence co-occurrence only. LOW CONFIDENCE, not a claimed relation."
person_hataz,object_pottery,CO_OCCURS_WITH,1,S4,S4 line 4648,"No explicit relation verb found; same-sentence co-occurrence only. LOW CONFIDENCE, not a claimed relation."
person_hataz,object_glass,CO_OCCURS_WITH,1,S4,S4 line 4648,"No explicit relation verb found; same-sentence co-occurrence only. LOW CONFIDENCE, not a claimed relation."
object_coin,object_glass,CO_OCCURS_WITH,1,S4,S4 line 4648,"No explicit relation verb found; same-sentence co-occurrence only. LOW CONFIDENCE, not a claimed relation."
feature_trench_was,person_hataz,CO_OCCURS_WITH,1,S4,S4 line 4674,"No explicit relation verb found; same-sentence co-occurrence only. LOW CONFIDENCE, not a claimed relation."
feature_trench_was,period_late_aksumite,CO_OCCURS_WITH,1,S4,S4 line 4674,"No explicit relation verb found; same-sentence co-occurrence only. LOW CONFIDENCE, not a claimed relation."
feature_trench_was,object_pottery,CO_OCCURS_WITH,1,S4,S4 line 4674,"No explicit relation verb found; same-sentence co-occurrence only. LOW CONFIDENCE, not a claimed relation."
feature_trench_was,object_coins,CO_OCCURS_WITH,1,S4,S4 line 4674,"No explicit relation verb found; same-sentence co-occurrence only. LOW CONFIDENCE, not a claimed relation."
person_hataz,period_late_aksumite,CO_OCCURS_WITH,2,S4,S4 line 4674,"No explicit relation verb found; same-sentence co-occurrence only. LOW CONFIDENCE, not a claimed relation."
feature_trenches,feature_trench_k3,CO_OCCURS_WITH,1,S4,S4 line 4697,"No explicit relation verb found; same-sentence co-occurrence only. LOW CONFIDENCE, not a claimed relation."
feature_trenches,feature_trench_and,CO_OCCURS_WITH,1,S4,S4 line 4697,"No explicit relation verb found; same-sentence co-occurrence only. LOW CONFIDENCE, not a claimed relation."
feature_trenches,object_iron,CO_OCCURS_WITH,1,S4,S4 line 4697,"No explicit relation verb found; same-sentence co-occurrence only. LOW CONFIDENCE, not a claimed relation."
feature_trench_k3,feature_trench_and,CO_OCCURS_WITH,1,S4,S4 line 4697,"No explicit relation verb found; same-sentence co-occurrence only. LOW CONFIDENCE, not a claimed relation."
feature_trench_k3,object_iron,CO_OCCURS_WITH,1,S4,S4 line 4697,"No explicit relation verb found; same-sentence co-occurrence only. LOW CONFIDENCE, not a claimed relation."
feature_trench_and,object_iron,CO_OCCURS_WITH,1,S4,S4 line 4697,"No explicit relation verb found; same-sentence co-occurrence only. LOW CONFIDENCE, not a claimed relation."
person_ioel,period_aksumite,CO_OCCURS_WITH,2,S4,S4 line 4740,"No explicit relation verb found; same-sentence co-occurrence only. LOW CONFIDENCE, not a claimed relation."
person_ioel,object_coins,CO_OCCURS_WITH,3,S4,S4 line 4740,"No explicit relation verb found; same-sentence co-occurrence only. LOW CONFIDENCE, not a claimed relation."
person_ioel,object_beads,CO_OCCURS_WITH,1,S4,S4 line 4740,"No explicit relation verb found; same-sentence co-occurrence only. LOW CONFIDENCE, not a claimed relation."
person_ioel,object_pottery,CO_OCCURS_WITH,1,S4,S4 line 4740,"No explicit relation verb found; same-sentence co-occurrence only. LOW CONFIDENCE, not a claimed relation."
person_ioel,object_coin,CO_OCCURS_WITH,1,S4,S4 line 4740,"No explicit relation verb found; same-sentence co-occurrence only. LOW CONFIDENCE, not a claimed relation."
object_coins,object_beads,CO_OCCURS_WITH,2,S4,S4 line 4740,"No explicit relation verb found; same-sentence co-occurrence only. LOW CONFIDENCE, not a claimed relation."
object_coins,object_coin,CO_OCCURS_WITH,1,S4,S4 line 4740,"No explicit relation verb found; same-sentence co-occurrence only. LOW CONFIDENCE, not a claimed relation."
object_beads,object_pottery,CO_OCCURS_WITH,2,S4,S4 line 4740,"No explicit relation verb found; same-sentence co-occurrence only. LOW CONFIDENCE, not a claimed relation."
object_beads,object_coin,CO_OCCURS_WITH,1,S4,S4 line 4740,"No explicit relation verb found; same-sentence co-occurrence only. LOW CONFIDENCE, not a claimed relation."
feature_trenches,object_coins,CO_OCCURS_WITH,1,S4,S4 line 4773,"No explicit relation verb found; same-sentence co-occurrence only. LOW CONFIDENCE, not a claimed relation."
place_k_site_maleke_aksum,feature_trench_k4,CO_OCCURS_WITH,1,S4,S4 line 4861,"No explicit relation verb found; same-sentence co-occurrence only. LOW CONFIDENCE, not a claimed relation."
feature_trench_k4,period_late_aksumite,CO_OCCURS_WITH,1,S4,S4 line 4861,"No explicit relation verb found; same-sentence co-occurrence only. LOW CONFIDENCE, not a claimed relation."
feature_trench_k4,object_pottery,CO_OCCURS_WITH,1,S4,S4 line 4861,"No explicit relation verb found; same-sentence co-occurrence only. LOW CONFIDENCE, not a claimed relation."
feature_trench_k4,object_coins,CO_OCCURS_WITH,1,S4,S4 line 4861,"No explicit relation verb found; same-sentence co-occurrence only. LOW CONFIDENCE, not a claimed relation."
place_aksum,feature_trench_k4,CO_OCCURS_WITH,1,S4,S4 line 5044,"No explicit relation verb found; same-sentence co-occurrence only. LOW CONFIDENCE, not a claimed relation."
place_stelae_park,place_mausoleum,CO_OCCURS_WITH,2,S4,S4 line 5124,"No explicit relation verb found; same-sentence co-occurrence only. LOW CONFIDENCE, not a claimed relation."
place_beta_giyorgis,place_mausoleum,CO_OCCURS_WITH,1,S4,S4 line 5136,"No explicit relation verb found; same-sentence co-occurrence only. LOW CONFIDENCE, not a claimed relation."
place_beta_giyorgis,object_iron,CO_OCCURS_WITH,1,S4,S4 line 5136,"No explicit relation verb found; same-sentence co-occurrence only. LOW CONFIDENCE, not a claimed relation."
place_mausoleum,feature_trenches,CO_OCCURS_WITH,2,S4,S4 line 5136,"No explicit relation verb found; same-sentence co-occurrence only. LOW CONFIDENCE, not a claimed relation."
place_mausoleum,object_iron,CO_OCCURS_WITH,1,S4,S4 line 5136,"No explicit relation verb found; same-sentence co-occurrence only. LOW CONFIDENCE, not a claimed relation."
place_aksum,feature_tomb_12,CO_OCCURS_WITH,1,S4,S4 line 5154,"No explicit relation verb found; same-sentence co-occurrence only. LOW CONFIDENCE, not a claimed relation."
place_yeha,place_k_site_maleke_aksum,CO_OCCURS_WITH,1,S4,S4 line 5154,"No explicit relation verb found; same-sentence co-occurrence only. LOW CONFIDENCE, not a claimed relation."
place_yeha,place_beta_giyorgis,CO_OCCURS_WITH,1,S4,S4 line 5154,"No explicit relation verb found; same-sentence co-occurrence only. LOW CONFIDENCE, not a claimed relation."
place_yeha,feature_tomb_12,CO_OCCURS_WITH,1,S4,S4 line 5154,"No explicit relation verb found; same-sentence co-occurrence only. LOW CONFIDENCE, not a claimed relation."
place_k_site_maleke_aksum,feature_tomb_12,CO_OCCURS_WITH,1,S4,S4 line 5154,"No explicit relation verb found; same-sentence co-occurrence only. LOW CONFIDENCE, not a claimed relation."
place_beta_giyorgis,feature_tomb_12,CO_OCCURS_WITH,1,S4,S4 line 5154,"No explicit relation verb found; same-sentence co-occurrence only. LOW CONFIDENCE, not a claimed relation."
feature_tomb_12,period_pre_aksumite,CO_OCCURS_WITH,1,S4,S4 line 5154,"No explicit relation verb found; same-sentence co-occurrence only. LOW CONFIDENCE, not a claimed relation."
feature_tomb_12,period_late_aksumite,CO_OCCURS_WITH,1,S4,S4 line 5154,"No explicit relation verb found; same-sentence co-occurrence only. LOW CONFIDENCE, not a claimed relation."
place_k_site_maleke_aksum,period_early_aksumite,CO_OCCURS_WITH,1,S4,S4 line 5166,"No explicit relation verb found; same-sentence co-occurrence only. LOW CONFIDENCE, not a claimed relation."
place_stelae_park,place_k_site_maleke_aksum,CO_OCCURS_WITH,1,S4,S4 line 5296,"No explicit relation verb found; same-sentence co-occurrence only. LOW CONFIDENCE, not a claimed relation."
place_stelae_park,period_late_aksumite,CO_OCCURS_WITH,2,S4,S4 line 5296,"No explicit relation verb found; same-sentence co-occurrence only. LOW CONFIDENCE, not a claimed relation."
object_glass,object_gold,CO_OCCURS_WITH,1,S4,S4 line 5338,"No explicit relation verb found; same-sentence co-occurrence only. LOW CONFIDENCE, not a claimed relation."
place_tomb_of_the_brick_arches,place_k_site_maleke_aksum,CO_OCCURS_WITH,3,S4,S4 line 5373,"No explicit relation verb found; same-sentence co-occurrence only. LOW CONFIDENCE, not a claimed relation."
place_mausoleum,place_k_site_maleke_aksum,CO_OCCURS_WITH,2,S4,S4 line 5373,"No explicit relation verb found; same-sentence co-occurrence only. LOW CONFIDENCE, not a claimed relation."
feature_trench_k4,object_beads,CO_OCCURS_WITH,1,S4,S4 line 5423,"No explicit relation verb found; same-sentence co-occurrence only. LOW CONFIDENCE, not a claimed relation."
feature_trench_k4,object_glass,CO_OCCURS_WITH,1,S4,S4 line 5423,"No explicit relation verb found; same-sentence co-occurrence only. LOW CONFIDENCE, not a claimed relation."
place_k_site_maleke_aksum,person_ioel,CO_OCCURS_WITH,1,S4,S4 line 5512,"No explicit relation verb found; same-sentence co-occurrence only. LOW CONFIDENCE, not a claimed relation."
place_k_site_maleke_aksum,person_gersem,CO_OCCURS_WITH,1,S4,S4 line 5512,"No explicit relation verb found; same-sentence co-occurrence only. LOW CONFIDENCE, not a claimed relation."
place_k_site_maleke_aksum,person_armah,CO_OCCURS_WITH,1,S4,S4 line 5512,"No explicit relation verb found; same-sentence co-occurrence only. LOW CONFIDENCE, not a claimed relation."
person_ioel,person_hataz,CO_OCCURS_WITH,3,S4,S4 line 5512,"No explicit relation verb found; same-sentence co-occurrence only. LOW CONFIDENCE, not a claimed relation."
person_ioel,person_gersem,CO_OCCURS_WITH,2,S4,S4 line 5512,"No explicit relation verb found; same-sentence co-occurrence only. LOW CONFIDENCE, not a claimed relation."
person_ioel,person_armah,CO_OCCURS_WITH,1,S4,S4 line 5512,"No explicit relation verb found; same-sentence co-occurrence only. LOW CONFIDENCE, not a claimed relation."
person_gersem,object_coin,CO_OCCURS_WITH,1,S4,S4 line 5512,"No explicit relation verb found; same-sentence co-occurrence only. LOW CONFIDENCE, not a claimed relation."
person_armah,object_coin,CO_OCCURS_WITH,1,S4,S4 line 5512,"No explicit relation verb found; same-sentence co-occurrence only. LOW CONFIDENCE, not a claimed relation."
place_tomb_of_the_brick_arches,object_iron,CO_OCCURS_WITH,1,S4,S4 line 5597,"No explicit relation verb found; same-sentence co-occurrence only. LOW CONFIDENCE, not a claimed relation."
place_k_site_maleke_aksum,feature_trench_k2,CO_OCCURS_WITH,1,S4,S4 line 5997,"No explicit relation verb found; same-sentence co-occurrence only. LOW CONFIDENCE, not a claimed relation."
feature_trench_k4,feature_trench_k2,CO_OCCURS_WITH,1,S4,S4 line 5997,"No explicit relation verb found; same-sentence co-occurrence only. LOW CONFIDENCE, not a claimed relation."
place_aksum,feature_trench_k2,CO_OCCURS_WITH,1,S4,S4 line 6043,"No explicit relation verb found; same-sentence co-occurrence only. LOW CONFIDENCE, not a claimed relation."
place_d_site_kidane_mehret,feature_trench_k4,CO_OCCURS_WITH,1,S4,S4 line 6043,"No explicit relation verb found; same-sentence co-occurrence only. LOW CONFIDENCE, not a claimed relation."
place_d_site_kidane_mehret,feature_trench_k2,CO_OCCURS_WITH,1,S4,S4 line 6043,"No explicit relation verb found; same-sentence co-occurrence only. LOW CONFIDENCE, not a claimed relation."
place_beta_giyorgis,place_k_site_maleke_aksum,CO_OCCURS_WITH,1,S4,S4 line 6109,"No explicit relation verb found; same-sentence co-occurrence only. LOW CONFIDENCE, not a claimed relation."
place_tomb_of_bazen,person_king_ezana,CO_OCCURS_WITH,1,S4,S4 line 6204,"No explicit relation verb found; same-sentence co-occurrence only. LOW CONFIDENCE, not a claimed relation."
place_aksum,place_p_site,CO_OCCURS_WITH,1,S4,S4 line 6214,"No explicit relation verb found; same-sentence co-occurrence only. LOW CONFIDENCE, not a claimed relation."
place_mestaha_werki,place_beta_giyorgis,CO_OCCURS_WITH,1,S4,S4 line 6252,"No explicit relation verb found; same-sentence co-occurrence only. LOW CONFIDENCE, not a claimed relation."
place_mestaha_werki,place_gobedra,CO_OCCURS_WITH,1,S4,S4 line 6252,"No explicit relation verb found; same-sentence co-occurrence only. LOW CONFIDENCE, not a claimed relation."
place_mestaha_werki,object_gold,CO_OCCURS_WITH,1,S4,S4 line 6252,"No explicit relation verb found; same-sentence co-occurrence only. LOW CONFIDENCE, not a claimed relation."
place_beta_giyorgis,place_gobedra,CO_OCCURS_WITH,2,S4,S4 line 6252,"No explicit relation verb found; same-sentence co-occurrence only. LOW CONFIDENCE, not a claimed relation."
place_beta_giyorgis,person_laurel_phillipson,CO_OCCURS_WITH,2,S4,S4 line 6252,"No explicit relation verb found; same-sentence co-occurrence only. LOW CONFIDENCE, not a claimed relation."
place_gobedra,person_laurel_phillipson,CO_OCCURS_WITH,2,S4,S4 line 6252,"No explicit relation verb found; same-sentence co-occurrence only. LOW CONFIDENCE, not a claimed relation."
place_gobedra,object_gold,CO_OCCURS_WITH,1,S4,S4 line 6252,"No explicit relation verb found; same-sentence co-occurrence only. LOW CONFIDENCE, not a claimed relation."
person_laurel_phillipson,object_gold,CO_OCCURS_WITH,1,S4,S4 line 6252,"No explicit relation verb found; same-sentence co-occurrence only. LOW CONFIDENCE, not a claimed relation."
place_aksum,place_mestaha_werki,CO_OCCURS_WITH,1,S4,S4 line 6261,"No explicit relation verb found; same-sentence co-occurrence only. LOW CONFIDENCE, not a claimed relation."
place_tombs_of_kaleb_and_gabra_maskal,place_aksum,CO_OCCURS_WITH,1,S4,S4 line 6317,"No explicit relation verb found; same-sentence co-occurrence only. LOW CONFIDENCE, not a claimed relation."
place_aksum,place_tomb_of_bazen,CO_OCCURS_WITH,1,S4,S4 line 6341,"No explicit relation verb found; same-sentence co-occurrence only. LOW CONFIDENCE, not a claimed relation."
place_tomb_of_bazen,feature_room_7,CO_OCCURS_WITH,1,S4,S4 line 6361,"No explicit relation verb found; same-sentence co-occurrence only. LOW CONFIDENCE, not a claimed relation."
place_aksum,place_tomb_of_the_false_door,CO_OCCURS_WITH,1,S4,S4 line 6361,"No explicit relation verb found; same-sentence co-occurrence only. LOW CONFIDENCE, not a claimed relation."
place_aksum,feature_room_7,CO_OCCURS_WITH,1,S4,S4 line 6361,"No explicit relation verb found; same-sentence co-occurrence only. LOW CONFIDENCE, not a claimed relation."
place_tomb_of_the_false_door,feature_room_7,CO_OCCURS_WITH,1,S4,S4 line 6361,"No explicit relation verb found; same-sentence co-occurrence only. LOW CONFIDENCE, not a claimed relation."
feature_room_7,object_stelae,CO_OCCURS_WITH,1,S4,S4 line 6361,"No explicit relation verb found; same-sentence co-occurrence only. LOW CONFIDENCE, not a claimed relation."
place_dungur,period_aksumite,CO_OCCURS_WITH,2,S4,S4 line 6507,"No explicit relation verb found; same-sentence co-occurrence only. LOW CONFIDENCE, not a claimed relation."
place_dungur,object_stelae,CO_OCCURS_WITH,1,S4,S4 line 6507,"No explicit relation verb found; same-sentence co-occurrence only. LOW CONFIDENCE, not a claimed relation."
place_adi_tsehafi,place_gobedra,CO_OCCURS_WITH,2,S4,S4 line 6524,"No explicit relation verb found; same-sentence co-occurrence only. LOW CONFIDENCE, not a claimed relation."
place_gobedra,place_aksum,CO_OCCURS_WITH,2,S4,S4 line 6524,"No explicit relation verb found; same-sentence co-occurrence only. LOW CONFIDENCE, not a claimed relation."
place_gobedra,place_gudit_stelae_field,CO_OCCURS_WITH,1,S4,S4 line 6524,"No explicit relation verb found; same-sentence co-occurrence only. LOW CONFIDENCE, not a claimed relation."
place_gudit_stelae_field,period_aksumite,CO_OCCURS_WITH,2,S4,S4 line 6524,"No explicit relation verb found; same-sentence co-occurrence only. LOW CONFIDENCE, not a claimed relation."
place_gudit_stelae_field,place_d_site_kidane_mehret,CO_OCCURS_WITH,1,S4,S4 line 6687,"No explicit relation verb found; same-sentence co-occurrence only. LOW CONFIDENCE, not a claimed relation."
place_gudit_stelae_field,period_pre_aksumite,CO_OCCURS_WITH,1,S4,S4 line 6687,"No explicit relation verb found; same-sentence co-occurrence only. LOW CONFIDENCE, not a claimed relation."
period_pre_aksumite,object_stelae,CO_OCCURS_WITH,1,S4,S4 line 6687,"No explicit relation verb found; same-sentence co-occurrence only. LOW CONFIDENCE, not a claimed relation."
place_tomb_of_the_brick_arches,period_early_aksumite,CO_OCCURS_WITH,2,S4,S4 line 6738,"No explicit relation verb found; same-sentence co-occurrence only. LOW CONFIDENCE, not a claimed relation."
period_early_aksumite,object_coins,CO_OCCURS_WITH,1,S4,S4 line 6738,"No explicit relation verb found; same-sentence co-occurrence only. LOW CONFIDENCE, not a claimed relation."
period_early_aksumite,object_stelae,CO_OCCURS_WITH,2,S4,S4 line 6738,"No explicit relation verb found; same-sentence co-occurrence only. LOW CONFIDENCE, not a claimed relation."
period_early_aksumite,object_ivory,CO_OCCURS_WITH,1,S4,S4 line 6738,"No explicit relation verb found; same-sentence co-occurrence only. LOW CONFIDENCE, not a claimed relation."
place_beta_giyorgis,place_dungur,CO_OCCURS_WITH,1,S4,S4 line 6882,"No explicit relation verb found; same-sentence co-occurrence only. LOW CONFIDENCE, not a claimed relation."
place_beta_giyorgis,place_aksum,CO_OCCURS_WITH,3,S4,S4 line 6882,"No explicit relation verb found; same-sentence co-occurrence only. LOW CONFIDENCE, not a claimed relation."
place_dungur,object_pottery,CO_OCCURS_WITH,1,S4,S4 line 6882,"No explicit relation verb found; same-sentence co-occurrence only. LOW CONFIDENCE, not a claimed relation."
place_d_site_kidane_mehret,feature_trench_have,CO_OCCURS_WITH,1,S4,S4 line 6898,"No explicit relation verb found; same-sentence co-occurrence only. LOW CONFIDENCE, not a claimed relation."
place_dungur,feature_trench_have,CO_OCCURS_WITH,1,S4,S4 line 6898,"No explicit relation verb found; same-sentence co-occurrence only. LOW CONFIDENCE, not a claimed relation."
person_jacke_phillips,object_iron,CO_OCCURS_WITH,1,S4,S4 line 6905,"No explicit relation verb found; same-sentence co-occurrence only. LOW CONFIDENCE, not a claimed relation."
place_gobedra,place_k_site_maleke_aksum,CO_OCCURS_WITH,1,S4,S4 line 6997,"No explicit relation verb found; same-sentence co-occurrence only. LOW CONFIDENCE, not a claimed relation."
place_gobedra,period_pre_aksumite,CO_OCCURS_WITH,2,S4,S4 line 6997,"No explicit relation verb found; same-sentence co-occurrence only. LOW CONFIDENCE, not a claimed relation."
place_gobedra,period_post_aksumite,CO_OCCURS_WITH,1,S4,S4 line 6997,"No explicit relation verb found; same-sentence co-occurrence only. LOW CONFIDENCE, not a claimed relation."
place_gudit_stelae_field,period_classical_aksumite,CO_OCCURS_WITH,1,S4,S4 line 7067,"No explicit relation verb found; same-sentence co-occurrence only. LOW CONFIDENCE, not a claimed relation."
object_ceramics,object_pottery,CO_OCCURS_WITH,2,S4,S4 line 7142,"No explicit relation verb found; same-sentence co-occurrence only. LOW CONFIDENCE, not a claimed relation."
place_d_site_kidane_mehret,place_yeha,CO_OCCURS_WITH,2,S4,S4 line 7152,"No explicit relation verb found; same-sentence co-occurrence only. LOW CONFIDENCE, not a claimed relation."
place_d_site_kidane_mehret,feature_tomb_37,CO_OCCURS_WITH,1,S4,S4 line 7173,"No explicit relation verb found; same-sentence co-occurrence only. LOW CONFIDENCE, not a claimed relation."
place_beta_giyorgis,place_gudit_stelae_field,CO_OCCURS_WITH,1,S4,S4 line 7173,"No explicit relation verb found; same-sentence co-occurrence only. LOW CONFIDENCE, not a claimed relation."
place_beta_giyorgis,place_tomb_of_the_brick_arches,CO_OCCURS_WITH,1,S4,S4 line 7173,"No explicit relation verb found; same-sentence co-occurrence only. LOW CONFIDENCE, not a claimed relation."
place_beta_giyorgis,feature_tomb_37,CO_OCCURS_WITH,1,S4,S4 line 7173,"No explicit relation verb found; same-sentence co-occurrence only. LOW CONFIDENCE, not a claimed relation."
place_beta_giyorgis,period_early_aksumite,CO_OCCURS_WITH,2,S4,S4 line 7173,"No explicit relation verb found; same-sentence co-occurrence only. LOW CONFIDENCE, not a claimed relation."
place_beta_giyorgis,period_classical_aksumite,CO_OCCURS_WITH,1,S4,S4 line 7173,"No explicit relation verb found; same-sentence co-occurrence only. LOW CONFIDENCE, not a claimed relation."
place_gudit_stelae_field,place_mausoleum,CO_OCCURS_WITH,2,S4,S4 line 7173,"No explicit relation verb found; same-sentence co-occurrence only. LOW CONFIDENCE, not a claimed relation."
place_gudit_stelae_field,place_tomb_of_the_brick_arches,CO_OCCURS_WITH,2,S4,S4 line 7173,"No explicit relation verb found; same-sentence co-occurrence only. LOW CONFIDENCE, not a claimed relation."
place_gudit_stelae_field,place_k_site_maleke_aksum,CO_OCCURS_WITH,1,S4,S4 line 7173,"No explicit relation verb found; same-sentence co-occurrence only. LOW CONFIDENCE, not a claimed relation."
place_gudit_stelae_field,place_aksum,CO_OCCURS_WITH,2,S4,S4 line 7173,"No explicit relation verb found; same-sentence co-occurrence only. LOW CONFIDENCE, not a claimed relation."
place_gudit_stelae_field,feature_tomb_37,CO_OCCURS_WITH,1,S4,S4 line 7173,"No explicit relation verb found; same-sentence co-occurrence only. LOW CONFIDENCE, not a claimed relation."
place_gudit_stelae_field,period_early_aksumite,CO_OCCURS_WITH,2,S4,S4 line 7173,"No explicit relation verb found; same-sentence co-occurrence only. LOW CONFIDENCE, not a claimed relation."
place_gudit_stelae_field,period_post_aksumite,CO_OCCURS_WITH,1,S4,S4 line 7173,"No explicit relation verb found; same-sentence co-occurrence only. LOW CONFIDENCE, not a claimed relation."
place_gudit_stelae_field,object_pottery,CO_OCCURS_WITH,1,S4,S4 line 7173,"No explicit relation verb found; same-sentence co-occurrence only. LOW CONFIDENCE, not a claimed relation."
place_mausoleum,place_tomb_of_the_brick_arches,CO_OCCURS_WITH,1,S4,S4 line 7173,"No explicit relation verb found; same-sentence co-occurrence only. LOW CONFIDENCE, not a claimed relation."
place_mausoleum,feature_tomb_37,CO_OCCURS_WITH,1,S4,S4 line 7173,"No explicit relation verb found; same-sentence co-occurrence only. LOW CONFIDENCE, not a claimed relation."
place_mausoleum,period_early_aksumite,CO_OCCURS_WITH,2,S4,S4 line 7173,"No explicit relation verb found; same-sentence co-occurrence only. LOW CONFIDENCE, not a claimed relation."
place_mausoleum,period_post_aksumite,CO_OCCURS_WITH,2,S4,S4 line 7173,"No explicit relation verb found; same-sentence co-occurrence only. LOW CONFIDENCE, not a claimed relation."
place_tomb_of_the_brick_arches,feature_tomb_37,CO_OCCURS_WITH,1,S4,S4 line 7173,"No explicit relation verb found; same-sentence co-occurrence only. LOW CONFIDENCE, not a claimed relation."
place_tomb_of_the_brick_arches,period_post_aksumite,CO_OCCURS_WITH,1,S4,S4 line 7173,"No explicit relation verb found; same-sentence co-occurrence only. LOW CONFIDENCE, not a claimed relation."
place_k_site_maleke_aksum,feature_tomb_37,CO_OCCURS_WITH,1,S4,S4 line 7173,"No explicit relation verb found; same-sentence co-occurrence only. LOW CONFIDENCE, not a claimed relation."
place_aksum,feature_tomb_37,CO_OCCURS_WITH,1,S4,S4 line 7173,"No explicit relation verb found; same-sentence co-occurrence only. LOW CONFIDENCE, not a claimed relation."
place_aksum,period_early_aksumite,CO_OCCURS_WITH,1,S4,S4 line 7173,"No explicit relation verb found; same-sentence co-occurrence only. LOW CONFIDENCE, not a claimed relation."
feature_tomb_37,period_pre_aksumite,CO_OCCURS_WITH,1,S4,S4 line 7173,"No explicit relation verb found; same-sentence co-occurrence only. LOW CONFIDENCE, not a claimed relation."
feature_tomb_37,period_aksumite,CO_OCCURS_WITH,1,S4,S4 line 7173,"No explicit relation verb found; same-sentence co-occurrence only. LOW CONFIDENCE, not a claimed relation."
feature_tomb_37,period_early_aksumite,CO_OCCURS_WITH,1,S4,S4 line 7173,"No explicit relation verb found; same-sentence co-occurrence only. LOW CONFIDENCE, not a claimed relation."
feature_tomb_37,period_classical_aksumite,CO_OCCURS_WITH,1,S4,S4 line 7173,"No explicit relation verb found; same-sentence co-occurrence only. LOW CONFIDENCE, not a claimed relation."
feature_tomb_37,period_late_aksumite,CO_OCCURS_WITH,1,S4,S4 line 7173,"No explicit relation verb found; same-sentence co-occurrence only. LOW CONFIDENCE, not a claimed relation."
feature_tomb_37,period_post_aksumite,CO_OCCURS_WITH,1,S4,S4 line 7173,"No explicit relation verb found; same-sentence co-occurrence only. LOW CONFIDENCE, not a claimed relation."
feature_tomb_37,object_pottery,CO_OCCURS_WITH,1,S4,S4 line 7173,"No explicit relation verb found; same-sentence co-occurrence only. LOW CONFIDENCE, not a claimed relation."
period_pre_aksumite,period_early_aksumite,CO_OCCURS_WITH,1,S4,S4 line 7173,"No explicit relation verb found; same-sentence co-occurrence only. LOW CONFIDENCE, not a claimed relation."
period_pre_aksumite,period_classical_aksumite,CO_OCCURS_WITH,1,S4,S4 line 7173,"No explicit relation verb found; same-sentence co-occurrence only. LOW CONFIDENCE, not a claimed relation."
period_early_aksumite,period_classical_aksumite,CO_OCCURS_WITH,1,S4,S4 line 7173,"No explicit relation verb found; same-sentence co-occurrence only. LOW CONFIDENCE, not a claimed relation."
period_early_aksumite,period_post_aksumite,CO_OCCURS_WITH,1,S4,S4 line 7173,"No explicit relation verb found; same-sentence co-occurrence only. LOW CONFIDENCE, not a claimed relation."
period_classical_aksumite,period_late_aksumite,CO_OCCURS_WITH,2,S4,S4 line 7173,"No explicit relation verb found; same-sentence co-occurrence only. LOW CONFIDENCE, not a claimed relation."
period_classical_aksumite,period_post_aksumite,CO_OCCURS_WITH,1,S4,S4 line 7173,"No explicit relation verb found; same-sentence co-occurrence only. LOW CONFIDENCE, not a claimed relation."
period_post_aksumite,object_stelae,CO_OCCURS_WITH,2,S4,S4 line 7173,"No explicit relation verb found; same-sentence co-occurrence only. LOW CONFIDENCE, not a claimed relation."
object_glass,object_pottery,CO_OCCURS_WITH,1,S4,S4 line 7364,"No explicit relation verb found; same-sentence co-occurrence only. LOW CONFIDENCE, not a claimed relation."
object_beads,object_inscription,CO_OCCURS_WITH,1,S4,S4 line 7391,"No explicit relation verb found; same-sentence co-occurrence only. LOW CONFIDENCE, not a claimed relation."
object_glass,object_inscription,CO_OCCURS_WITH,1,S4,S4 line 7391,"No explicit relation verb found; same-sentence co-occurrence only. LOW CONFIDENCE, not a claimed relation."
place_tomb_of_the_brick_arches,object_gold,CO_OCCURS_WITH,1,S4,S4 line 7407,"No explicit relation verb found; same-sentence co-occurrence only. LOW CONFIDENCE, not a claimed relation."
period_pre_aksumite,object_gold,CO_OCCURS_WITH,1,S4,S4 line 7407,"No explicit relation verb found; same-sentence co-occurrence only. LOW CONFIDENCE, not a claimed relation."
object_beads,object_gold,CO_OCCURS_WITH,1,S4,S4 line 7407,"No explicit relation verb found; same-sentence co-occurrence only. LOW CONFIDENCE, not a claimed relation."
object_gold,object_glass,CO_OCCURS_WITH,1,S4,S4 line 7407,"No explicit relation verb found; same-sentence co-occurrence only. LOW CONFIDENCE, not a claimed relation."
place_mausoleum,object_gold,CO_OCCURS_WITH,2,S4,S4 line 7424,"No explicit relation verb found; same-sentence co-occurrence only. LOW CONFIDENCE, not a claimed relation."
place_k_site_maleke_aksum,object_gold,CO_OCCURS_WITH,1,S4,S4 line 7424,"No explicit relation verb found; same-sentence co-occurrence only. LOW CONFIDENCE, not a claimed relation."
feature_trenches,object_gold,CO_OCCURS_WITH,1,S4,S4 line 7424,"No explicit relation verb found; same-sentence co-occurrence only. LOW CONFIDENCE, not a claimed relation."
period_late_aksumite,object_gold,CO_OCCURS_WITH,1,S4,S4 line 7424,"No explicit relation verb found; same-sentence co-occurrence only. LOW CONFIDENCE, not a claimed relation."
object_ivory,object_iron,CO_OCCURS_WITH,1,S4,S4 line 7439,"No explicit relation verb found; same-sentence co-occurrence only. LOW CONFIDENCE, not a claimed relation."
place_mestaha_werki,period_post_aksumite,CO_OCCURS_WITH,1,S4,S4 line 7742,"No explicit relation verb found; same-sentence co-occurrence only. LOW CONFIDENCE, not a claimed relation."
place_gobedra,place_beta_giyorgis,CO_OCCURS_WITH,3,S4,S4 line 7742,"No explicit relation verb found; same-sentence co-occurrence only. LOW CONFIDENCE, not a claimed relation."
place_gobedra,place_adi_tsehafi,CO_OCCURS_WITH,2,S4,S4 line 7742,"No explicit relation verb found; same-sentence co-occurrence only. LOW CONFIDENCE, not a claimed relation."
place_beta_giyorgis,place_adi_tsehafi,CO_OCCURS_WITH,2,S4,S4 line 7742,"No explicit relation verb found; same-sentence co-occurrence only. LOW CONFIDENCE, not a claimed relation."
place_adi_tsehafi,period_post_aksumite,CO_OCCURS_WITH,2,S4,S4 line 7742,"No explicit relation verb found; same-sentence co-occurrence only. LOW CONFIDENCE, not a claimed relation."
place_dungur,object_coins,CO_OCCURS_WITH,1,S4,S4 line 7769,"No explicit relation verb found; same-sentence co-occurrence only. LOW CONFIDENCE, not a claimed relation."
place_dungur,object_beads,CO_OCCURS_WITH,2,S4,S4 line 7769,"No explicit relation verb found; same-sentence co-occurrence only. LOW CONFIDENCE, not a claimed relation."
place_dungur,object_glass,CO_OCCURS_WITH,2,S4,S4 line 7769,"No explicit relation verb found; same-sentence co-occurrence only. LOW CONFIDENCE, not a claimed relation."
object_stelae,object_beads,CO_OCCURS_WITH,2,S4,S4 line 7769,"No explicit relation verb found; same-sentence co-occurrence only. LOW CONFIDENCE, not a claimed relation."
object_stelae,object_glass,CO_OCCURS_WITH,2,S4,S4 line 7769,"No explicit relation verb found; same-sentence co-occurrence only. LOW CONFIDENCE, not a claimed relation."
object_coins,object_glass,CO_OCCURS_WITH,1,S4,S4 line 7769,"No explicit relation verb found; same-sentence co-occurrence only. LOW CONFIDENCE, not a claimed relation."
place_dungur,place_gudit_stelae_field,CO_OCCURS_WITH,1,S4,S4 line 7786,"No explicit relation verb found; same-sentence co-occurrence only. LOW CONFIDENCE, not a claimed relation."
place_dungur,place_beta_giyorgis,CO_OCCURS_WITH,2,S4,S4 line 7786,"No explicit relation verb found; same-sentence co-occurrence only. LOW CONFIDENCE, not a claimed relation."
place_gudit_stelae_field,place_beta_giyorgis,CO_OCCURS_WITH,1,S4,S4 line 7786,"No explicit relation verb found; same-sentence co-occurrence only. LOW CONFIDENCE, not a claimed relation."
place_beta_giyorgis,place_adulis,CO_OCCURS_WITH,2,S4,S4 line 7828,"No explicit relation verb found; same-sentence co-occurrence only. LOW CONFIDENCE, not a claimed relation."
place_stelae_park,place_tomb_of_the_brick_arches,CO_OCCURS_WITH,3,S4,S4 line 7853,"No explicit relation verb found; same-sentence co-occurrence only. LOW CONFIDENCE, not a claimed relation."
place_stelae_park,place_tomb_of_the_false_door,CO_OCCURS_WITH,2,S4,S4 line 7853,"No explicit relation verb found; same-sentence co-occurrence only. LOW CONFIDENCE, not a claimed relation."
place_stelae_park,place_dungur,CO_OCCURS_WITH,1,S4,S4 line 7853,"No explicit relation verb found; same-sentence co-occurrence only. LOW CONFIDENCE, not a claimed relation."
place_stelae_park,feature_tomb_34,CO_OCCURS_WITH,1,S4,S4 line 7853,"No explicit relation verb found; same-sentence co-occurrence only. LOW CONFIDENCE, not a claimed relation."
place_mausoleum,place_tomb_of_the_false_door,CO_OCCURS_WITH,1,S4,S4 line 7853,"No explicit relation verb found; same-sentence co-occurrence only. LOW CONFIDENCE, not a claimed relation."
place_mausoleum,place_dungur,CO_OCCURS_WITH,1,S4,S4 line 7853,"No explicit relation verb found; same-sentence co-occurrence only. LOW CONFIDENCE, not a claimed relation."
place_mausoleum,feature_tomb_34,CO_OCCURS_WITH,1,S4,S4 line 7853,"No explicit relation verb found; same-sentence co-occurrence only. LOW CONFIDENCE, not a claimed relation."
place_tomb_of_the_brick_arches,place_tomb_of_the_false_door,CO_OCCURS_WITH,2,S4,S4 line 7853,"No explicit relation verb found; same-sentence co-occurrence only. LOW CONFIDENCE, not a claimed relation."
place_tomb_of_the_brick_arches,place_dungur,CO_OCCURS_WITH,1,S4,S4 line 7853,"No explicit relation verb found; same-sentence co-occurrence only. LOW CONFIDENCE, not a claimed relation."
place_tomb_of_the_brick_arches,feature_tomb_34,CO_OCCURS_WITH,1,S4,S4 line 7853,"No explicit relation verb found; same-sentence co-occurrence only. LOW CONFIDENCE, not a claimed relation."
place_tomb_of_the_false_door,place_dungur,CO_OCCURS_WITH,1,S4,S4 line 7853,"No explicit relation verb found; same-sentence co-occurrence only. LOW CONFIDENCE, not a claimed relation."
place_tomb_of_the_false_door,feature_tomb_34,CO_OCCURS_WITH,1,S4,S4 line 7853,"No explicit relation verb found; same-sentence co-occurrence only. LOW CONFIDENCE, not a claimed relation."
place_dungur,feature_tomb_34,CO_OCCURS_WITH,1,S4,S4 line 7853,"No explicit relation verb found; same-sentence co-occurrence only. LOW CONFIDENCE, not a claimed relation."
place_dungur,period_classical_aksumite,CO_OCCURS_WITH,1,S4,S4 line 7853,"No explicit relation verb found; same-sentence co-occurrence only. LOW CONFIDENCE, not a claimed relation."
feature_tomb_34,period_classical_aksumite,CO_OCCURS_WITH,1,S4,S4 line 7853,"No explicit relation verb found; same-sentence co-occurrence only. LOW CONFIDENCE, not a claimed relation."
person_king_kaleb,period_post_aksumite,CO_OCCURS_WITH,2,S4,S4 line 7863,"No explicit relation verb found; same-sentence co-occurrence only. LOW CONFIDENCE, not a claimed relation."
object_iron,object_pottery,CO_OCCURS_WITH,1,S4,S4 line 7882,"No explicit relation verb found; same-sentence co-occurrence only. LOW CONFIDENCE, not a claimed relation."
place_tomb_of_the_brick_arches,place_beta_giyorgis,CO_OCCURS_WITH,1,S4,S4 line 7991,"No explicit relation verb found; same-sentence co-occurrence only. LOW CONFIDENCE, not a claimed relation."
place_tomb_of_the_brick_arches,person_king_kaleb,CO_OCCURS_WITH,2,S4,S4 line 7991,"No explicit relation verb found; same-sentence co-occurrence only. LOW CONFIDENCE, not a claimed relation."
object_stelae,object_iron,CO_OCCURS_WITH,1,S4,S4 line 7991,"No explicit relation verb found; same-sentence co-occurrence only. LOW CONFIDENCE, not a claimed relation."
place_stelae_park,place_aksum,CO_OCCURS_WITH,3,S4,S4 line 8018,"No explicit relation verb found; same-sentence co-occurrence only. LOW CONFIDENCE, not a claimed relation."
place_stelae_park,place_tomb_of_bazen,CO_OCCURS_WITH,1,S4,S4 line 8018,"No explicit relation verb found; same-sentence co-occurrence only. LOW CONFIDENCE, not a claimed relation."
place_stelae_park,place_tombs_of_kaleb_and_gabra_maskal,CO_OCCURS_WITH,1,S4,S4 line 8018,"No explicit relation verb found; same-sentence co-occurrence only. LOW CONFIDENCE, not a claimed relation."
place_stelae_park,place_beta_giyorgis,CO_OCCURS_WITH,1,S4,S4 line 8018,"No explicit relation verb found; same-sentence co-occurrence only. LOW CONFIDENCE, not a claimed relation."
place_tomb_of_bazen,place_beta_giyorgis,CO_OCCURS_WITH,1,S4,S4 line 8018,"No explicit relation verb found; same-sentence co-occurrence only. LOW CONFIDENCE, not a claimed relation."
place_tomb_of_the_false_door,place_beta_giyorgis,CO_OCCURS_WITH,1,S4,S4 line 8018,"No explicit relation verb found; same-sentence co-occurrence only. LOW CONFIDENCE, not a claimed relation."
place_tombs_of_kaleb_and_gabra_maskal,place_beta_giyorgis,CO_OCCURS_WITH,1,S4,S4 line 8018,"No explicit relation verb found; same-sentence co-occurrence only. LOW CONFIDENCE, not a claimed relation."
place_stelae_park,place_yeha,CO_OCCURS_WITH,1,S4,S4 line 8030,"No explicit relation verb found; same-sentence co-occurrence only. LOW CONFIDENCE, not a claimed relation."
place_yeha,object_stelae,CO_OCCURS_WITH,2,S4,S4 line 8030,"No explicit relation verb found; same-sentence co-occurrence only. LOW CONFIDENCE, not a claimed relation."
place_mausoleum,person_king_ezana,CO_OCCURS_WITH,1,S4,S4 line 8070,"No explicit relation verb found; same-sentence co-occurrence only. LOW CONFIDENCE, not a claimed relation."
place_tomb_of_the_brick_arches,person_king_ezana,CO_OCCURS_WITH,1,S4,S4 line 8102,"No explicit relation verb found; same-sentence co-occurrence only. LOW CONFIDENCE, not a claimed relation."
place_stelae_park,person_king_ezana,CO_OCCURS_WITH,1,S4,S4 line 8126,"No explicit relation verb found; same-sentence co-occurrence only. LOW CONFIDENCE, not a claimed relation."
place_tomb_of_the_brick_arches,person_aphilas,CO_OCCURS_WITH,1,S4,S4 line 8142,"No explicit relation verb found; same-sentence co-occurrence only. LOW CONFIDENCE, not a claimed relation."
place_tomb_of_the_brick_arches,person_wazeba,CO_OCCURS_WITH,1,S4,S4 line 8142,"No explicit relation verb found; same-sentence co-occurrence only. LOW CONFIDENCE, not a claimed relation."
place_tomb_of_the_brick_arches,person_ousanas,CO_OCCURS_WITH,1,S4,S4 line 8142,"No explicit relation verb found; same-sentence co-occurrence only. LOW CONFIDENCE, not a claimed relation."
place_mausoleum,person_aphilas,CO_OCCURS_WITH,1,S4,S4 line 8142,"No explicit relation verb found; same-sentence co-occurrence only. LOW CONFIDENCE, not a claimed relation."
place_mausoleum,person_wazeba,CO_OCCURS_WITH,1,S4,S4 line 8142,"No explicit relation verb found; same-sentence co-occurrence only. LOW CONFIDENCE, not a claimed relation."
place_mausoleum,person_ousanas,CO_OCCURS_WITH,1,S4,S4 line 8142,"No explicit relation verb found; same-sentence co-occurrence only. LOW CONFIDENCE, not a claimed relation."
person_aphilas,person_wazeba,CO_OCCURS_WITH,1,S4,S4 line 8142,"No explicit relation verb found; same-sentence co-occurrence only. LOW CONFIDENCE, not a claimed relation."
person_aphilas,person_ousanas,CO_OCCURS_WITH,1,S4,S4 line 8142,"No explicit relation verb found; same-sentence co-occurrence only. LOW CONFIDENCE, not a claimed relation."
person_aphilas,person_king_ezana,CO_OCCURS_WITH,1,S4,S4 line 8142,"No explicit relation verb found; same-sentence co-occurrence only. LOW CONFIDENCE, not a claimed relation."
person_aphilas,period_aksumite,CO_OCCURS_WITH,1,S4,S4 line 8142,"No explicit relation verb found; same-sentence co-occurrence only. LOW CONFIDENCE, not a claimed relation."
person_aphilas,object_inscription,CO_OCCURS_WITH,1,S4,S4 line 8142,"No explicit relation verb found; same-sentence co-occurrence only. LOW CONFIDENCE, not a claimed relation."
person_aphilas,object_stelae,CO_OCCURS_WITH,1,S4,S4 line 8142,"No explicit relation verb found; same-sentence co-occurrence only. LOW CONFIDENCE, not a claimed relation."
person_aphilas,object_pottery,CO_OCCURS_WITH,1,S4,S4 line 8142,"No explicit relation verb found; same-sentence co-occurrence only. LOW CONFIDENCE, not a claimed relation."
person_wazeba,person_ousanas,CO_OCCURS_WITH,1,S4,S4 line 8142,"No explicit relation verb found; same-sentence co-occurrence only. LOW CONFIDENCE, not a claimed relation."
person_wazeba,person_king_ezana,CO_OCCURS_WITH,1,S4,S4 line 8142,"No explicit relation verb found; same-sentence co-occurrence only. LOW CONFIDENCE, not a claimed relation."
person_wazeba,period_aksumite,CO_OCCURS_WITH,1,S4,S4 line 8142,"No explicit relation verb found; same-sentence co-occurrence only. LOW CONFIDENCE, not a claimed relation."
person_wazeba,object_inscription,CO_OCCURS_WITH,1,S4,S4 line 8142,"No explicit relation verb found; same-sentence co-occurrence only. LOW CONFIDENCE, not a claimed relation."
person_wazeba,object_stelae,CO_OCCURS_WITH,1,S4,S4 line 8142,"No explicit relation verb found; same-sentence co-occurrence only. LOW CONFIDENCE, not a claimed relation."
person_wazeba,object_pottery,CO_OCCURS_WITH,1,S4,S4 line 8142,"No explicit relation verb found; same-sentence co-occurrence only. LOW CONFIDENCE, not a claimed relation."
person_ousanas,person_king_ezana,CO_OCCURS_WITH,1,S4,S4 line 8142,"No explicit relation verb found; same-sentence co-occurrence only. LOW CONFIDENCE, not a claimed relation."
person_ousanas,period_aksumite,CO_OCCURS_WITH,1,S4,S4 line 8142,"No explicit relation verb found; same-sentence co-occurrence only. LOW CONFIDENCE, not a claimed relation."
person_ousanas,object_inscription,CO_OCCURS_WITH,1,S4,S4 line 8142,"No explicit relation verb found; same-sentence co-occurrence only. LOW CONFIDENCE, not a claimed relation."
person_ousanas,object_stelae,CO_OCCURS_WITH,1,S4,S4 line 8142,"No explicit relation verb found; same-sentence co-occurrence only. LOW CONFIDENCE, not a claimed relation."
person_ousanas,object_pottery,CO_OCCURS_WITH,1,S4,S4 line 8142,"No explicit relation verb found; same-sentence co-occurrence only. LOW CONFIDENCE, not a claimed relation."
place_tomb_of_the_false_door,place_tomb_of_the_brick_arches,CO_OCCURS_WITH,1,S4,S4 line 8154,"No explicit relation verb found; same-sentence co-occurrence only. LOW CONFIDENCE, not a claimed relation."
place_tomb_of_the_brick_arches,place_tombs_of_kaleb_and_gabra_maskal,CO_OCCURS_WITH,1,S4,S4 line 8169,"No explicit relation verb found; same-sentence co-occurrence only. LOW CONFIDENCE, not a claimed relation."
object_ivory,object_glass,CO_OCCURS_WITH,1,S4,S4 line 8326,"No explicit relation verb found; same-sentence co-occurrence only. LOW CONFIDENCE, not a claimed relation."
place_aksum,person_ioel,CO_OCCURS_WITH,2,S4,S4 line 8339,"No explicit relation verb found; same-sentence co-occurrence only. LOW CONFIDENCE, not a claimed relation."
place_aksum,person_hataz,CO_OCCURS_WITH,2,S4,S4 line 8339,"No explicit relation verb found; same-sentence co-occurrence only. LOW CONFIDENCE, not a claimed relation."
place_aksum,person_israel,CO_OCCURS_WITH,1,S4,S4 line 8339,"No explicit relation verb found; same-sentence co-occurrence only. LOW CONFIDENCE, not a claimed relation."
place_aksum,person_gersem,CO_OCCURS_WITH,2,S4,S4 line 8339,"No explicit relation verb found; same-sentence co-occurrence only. LOW CONFIDENCE, not a claimed relation."
place_d_site_kidane_mehret,person_ioel,CO_OCCURS_WITH,2,S4,S4 line 8339,"No explicit relation verb found; same-sentence co-occurrence only. LOW CONFIDENCE, not a claimed relation."
place_d_site_kidane_mehret,person_hataz,CO_OCCURS_WITH,2,S4,S4 line 8339,"No explicit relation verb found; same-sentence co-occurrence only. LOW CONFIDENCE, not a claimed relation."
place_d_site_kidane_mehret,person_israel,CO_OCCURS_WITH,1,S4,S4 line 8339,"No explicit relation verb found; same-sentence co-occurrence only. LOW CONFIDENCE, not a claimed relation."
person_king_kaleb,person_ioel,CO_OCCURS_WITH,1,S4,S4 line 8339,"No explicit relation verb found; same-sentence co-occurrence only. LOW CONFIDENCE, not a claimed relation."
person_king_kaleb,person_hataz,CO_OCCURS_WITH,1,S4,S4 line 8339,"No explicit relation verb found; same-sentence co-occurrence only. LOW CONFIDENCE, not a claimed relation."
person_king_kaleb,person_israel,CO_OCCURS_WITH,1,S4,S4 line 8339,"No explicit relation verb found; same-sentence co-occurrence only. LOW CONFIDENCE, not a claimed relation."
person_king_kaleb,person_gersem,CO_OCCURS_WITH,1,S4,S4 line 8339,"No explicit relation verb found; same-sentence co-occurrence only. LOW CONFIDENCE, not a claimed relation."
person_ioel,person_israel,CO_OCCURS_WITH,1,S4,S4 line 8339,"No explicit relation verb found; same-sentence co-occurrence only. LOW CONFIDENCE, not a claimed relation."
person_ioel,period_late_aksumite,CO_OCCURS_WITH,2,S4,S4 line 8339,"No explicit relation verb found; same-sentence co-occurrence only. LOW CONFIDENCE, not a claimed relation."
person_ioel,object_gold,CO_OCCURS_WITH,1,S4,S4 line 8339,"No explicit relation verb found; same-sentence co-occurrence only. LOW CONFIDENCE, not a claimed relation."
person_ioel,object_ivory,CO_OCCURS_WITH,1,S4,S4 line 8339,"No explicit relation verb found; same-sentence co-occurrence only. LOW CONFIDENCE, not a claimed relation."
person_hataz,person_israel,CO_OCCURS_WITH,1,S4,S4 line 8339,"No explicit relation verb found; same-sentence co-occurrence only. LOW CONFIDENCE, not a claimed relation."
person_hataz,object_gold,CO_OCCURS_WITH,1,S4,S4 line 8339,"No explicit relation verb found; same-sentence co-occurrence only. LOW CONFIDENCE, not a claimed relation."
person_hataz,object_ivory,CO_OCCURS_WITH,1,S4,S4 line 8339,"No explicit relation verb found; same-sentence co-occurrence only. LOW CONFIDENCE, not a claimed relation."
person_israel,person_gersem,CO_OCCURS_WITH,1,S4,S4 line 8339,"No explicit relation verb found; same-sentence co-occurrence only. LOW CONFIDENCE, not a claimed relation."
person_israel,period_aksumite,CO_OCCURS_WITH,1,S4,S4 line 8339,"No explicit relation verb found; same-sentence co-occurrence only. LOW CONFIDENCE, not a claimed relation."
person_israel,period_late_aksumite,CO_OCCURS_WITH,1,S4,S4 line 8339,"No explicit relation verb found; same-sentence co-occurrence only. LOW CONFIDENCE, not a claimed relation."
person_israel,object_pottery,CO_OCCURS_WITH,1,S4,S4 line 8339,"No explicit relation verb found; same-sentence co-occurrence only. LOW CONFIDENCE, not a claimed relation."
person_israel,object_coins,CO_OCCURS_WITH,1,S4,S4 line 8339,"No explicit relation verb found; same-sentence co-occurrence only. LOW CONFIDENCE, not a claimed relation."
person_israel,object_gold,CO_OCCURS_WITH,1,S4,S4 line 8339,"No explicit relation verb found; same-sentence co-occurrence only. LOW CONFIDENCE, not a claimed relation."
person_israel,object_ivory,CO_OCCURS_WITH,1,S4,S4 line 8339,"No explicit relation verb found; same-sentence co-occurrence only. LOW CONFIDENCE, not a claimed relation."
person_gersem,period_aksumite,CO_OCCURS_WITH,2,S4,S4 line 8339,"No explicit relation verb found; same-sentence co-occurrence only. LOW CONFIDENCE, not a claimed relation."
person_gersem,object_pottery,CO_OCCURS_WITH,1,S4,S4 line 8339,"No explicit relation verb found; same-sentence co-occurrence only. LOW CONFIDENCE, not a claimed relation."
person_gersem,object_gold,CO_OCCURS_WITH,1,S4,S4 line 8339,"No explicit relation verb found; same-sentence co-occurrence only. LOW CONFIDENCE, not a claimed relation."
person_gersem,object_ivory,CO_OCCURS_WITH,1,S4,S4 line 8339,"No explicit relation verb found; same-sentence co-occurrence only. LOW CONFIDENCE, not a claimed relation."
object_pottery,object_gold,CO_OCCURS_WITH,1,S4,S4 line 8339,"No explicit relation verb found; same-sentence co-occurrence only. LOW CONFIDENCE, not a claimed relation."
place_aksum,person_armah,CO_OCCURS_WITH,2,S4,S4 line 8356,"No explicit relation verb found; same-sentence co-occurrence only. LOW CONFIDENCE, not a claimed relation."
person_armah,period_aksumite,CO_OCCURS_WITH,2,S4,S4 line 8356,"No explicit relation verb found; same-sentence co-occurrence only. LOW CONFIDENCE, not a claimed relation."
person_armah,object_ivory,CO_OCCURS_WITH,1,S4,S4 line 8356,"No explicit relation verb found; same-sentence co-occurrence only. LOW CONFIDENCE, not a claimed relation."
person_armah,object_gold,CO_OCCURS_WITH,1,S4,S4 line 8356,"No explicit relation verb found; same-sentence co-occurrence only. LOW CONFIDENCE, not a claimed relation."
object_ivory,object_coin,CO_OCCURS_WITH,1,S4,S4 line 8356,"No explicit relation verb found; same-sentence co-occurrence only. LOW CONFIDENCE, not a claimed relation."
object_ivory,object_gold,CO_OCCURS_WITH,1,S4,S4 line 8356,"No explicit relation verb found; same-sentence co-occurrence only. LOW CONFIDENCE, not a claimed relation."
place_d_site_kidane_mehret,person_rodolfo_fattovich,CO_OCCURS_WITH,1,S4,S4 line 8372,"No explicit relation verb found; same-sentence co-occurrence only. LOW CONFIDENCE, not a claimed relation."
person_rodolfo_fattovich,period_late_aksumite,CO_OCCURS_WITH,1,S4,S4 line 8372,"No explicit relation verb found; same-sentence co-occurrence only. LOW CONFIDENCE, not a claimed relation."
place_d_site_kidane_mehret,person_armah,CO_OCCURS_WITH,2,S4,S4 line 8389,"No explicit relation verb found; same-sentence co-occurrence only. LOW CONFIDENCE, not a claimed relation."
person_hataz,period_post_aksumite,CO_OCCURS_WITH,1,S4,S4 line 8389,"No explicit relation verb found; same-sentence co-occurrence only. LOW CONFIDENCE, not a claimed relation."
person_gersem,period_post_aksumite,CO_OCCURS_WITH,1,S4,S4 line 8389,"No explicit relation verb found; same-sentence co-occurrence only. LOW CONFIDENCE, not a claimed relation."
person_armah,period_post_aksumite,CO_OCCURS_WITH,1,S4,S4 line 8389,"No explicit relation verb found; same-sentence co-occurrence only. LOW CONFIDENCE, not a claimed relation."
person_armah,period_late_aksumite,CO_OCCURS_WITH,2,S4,S4 line 8389,"No explicit relation verb found; same-sentence co-occurrence only. LOW CONFIDENCE, not a claimed relation."
place_mausoleum,object_bronze,CO_OCCURS_WITH,2,S4,S4 line 8840,"No explicit relation verb found; same-sentence co-occurrence only. LOW CONFIDENCE, not a claimed relation."
object_silver,object_bronze,CO_OCCURS_WITH,1,S4,S4 line 8933,"No explicit relation verb found; same-sentence co-occurrence only. LOW CONFIDENCE, not a claimed relation."
object_gold,object_bronze,CO_OCCURS_WITH,2,S4,S4 line 8933,"No explicit relation verb found; same-sentence co-occurrence only. LOW CONFIDENCE, not a claimed relation."
person_hataz,person_ioel,CO_OCCURS_WITH,1,S4,S4 line 8970,"No explicit relation verb found; same-sentence co-occurrence only. LOW CONFIDENCE, not a claimed relation."
person_hataz,person_mhdys,CO_OCCURS_WITH,1,S4,S4 line 8970,"No explicit relation verb found; same-sentence co-occurrence only. LOW CONFIDENCE, not a claimed relation."
person_gersem,person_ioel,CO_OCCURS_WITH,1,S4,S4 line 8970,"No explicit relation verb found; same-sentence co-occurrence only. LOW CONFIDENCE, not a claimed relation."
person_gersem,person_mhdys,CO_OCCURS_WITH,1,S4,S4 line 8970,"No explicit relation verb found; same-sentence co-occurrence only. LOW CONFIDENCE, not a claimed relation."
person_ioel,person_mhdys,CO_OCCURS_WITH,1,S4,S4 line 8970,"No explicit relation verb found; same-sentence co-occurrence only. LOW CONFIDENCE, not a claimed relation."
person_mhdys,person_armah,CO_OCCURS_WITH,1,S4,S4 line 8970,"No explicit relation verb found; same-sentence co-occurrence only. LOW CONFIDENCE, not a claimed relation."
person_mhdys,period_aksumite,CO_OCCURS_WITH,1,S4,S4 line 8970,"No explicit relation verb found; same-sentence co-occurrence only. LOW CONFIDENCE, not a claimed relation."
person_mhdys,object_coins,CO_OCCURS_WITH,1,S4,S4 line 8970,"No explicit relation verb found; same-sentence co-occurrence only. LOW CONFIDENCE, not a claimed relation."
place_mausoleum,person_hataz,CO_OCCURS_WITH,1,S4,S4 line 9027,"No explicit relation verb found; same-sentence co-occurrence only. LOW CONFIDENCE, not a claimed relation."
place_mausoleum,person_armah,CO_OCCURS_WITH,1,S4,S4 line 9027,"No explicit relation verb found; same-sentence co-occurrence only. LOW CONFIDENCE, not a claimed relation."
place_mausoleum,person_gersem,CO_OCCURS_WITH,1,S4,S4 line 9027,"No explicit relation verb found; same-sentence co-occurrence only. LOW CONFIDENCE, not a claimed relation."
person_hataz,object_stelae,CO_OCCURS_WITH,1,S4,S4 line 9027,"No explicit relation verb found; same-sentence co-occurrence only. LOW CONFIDENCE, not a claimed relation."
person_armah,person_gersem,CO_OCCURS_WITH,2,S4,S4 line 9027,"No explicit relation verb found; same-sentence co-occurrence only. LOW CONFIDENCE, not a claimed relation."
person_armah,object_stelae,CO_OCCURS_WITH,1,S4,S4 line 9027,"No explicit relation verb found; same-sentence co-occurrence only. LOW CONFIDENCE, not a claimed relation."
person_gersem,object_stelae,CO_OCCURS_WITH,1,S4,S4 line 9027,"No explicit relation verb found; same-sentence co-occurrence only. LOW CONFIDENCE, not a claimed relation."
place_mausoleum,place_gudit_stelae_field,CO_OCCURS_WITH,2,S4,S4 line 9118,"No explicit relation verb found; same-sentence co-occurrence only. LOW CONFIDENCE, not a claimed relation."
person_king_ezana,object_bronze,CO_OCCURS_WITH,1,S4,S4 line 9393,"No explicit relation verb found; same-sentence co-occurrence only. LOW CONFIDENCE, not a claimed relation."
object_inscription,object_bronze,CO_OCCURS_WITH,1,S4,S4 line 9393,"No explicit relation verb found; same-sentence co-occurrence only. LOW CONFIDENCE, not a claimed relation."
place_dungur,place_gobedra,CO_OCCURS_WITH,2,S4,S4 line 9561,"No explicit relation verb found; same-sentence co-occurrence only. LOW CONFIDENCE, not a claimed relation."
place_yeha,place_gudit_stelae_field,CO_OCCURS_WITH,1,S4,S4 line 9948,"No explicit relation verb found; same-sentence co-occurrence only. LOW CONFIDENCE, not a claimed relation."
place_yeha,object_ivory,CO_OCCURS_WITH,1,S4,S4 line 10114,"No explicit relation verb found; same-sentence co-occurrence only. LOW CONFIDENCE, not a claimed relation."
object_gold,object_coin,CO_OCCURS_WITH,1,S4,S4 line 10268,"No explicit relation verb found; same-sentence co-occurrence only. LOW CONFIDENCE, not a claimed relation."
place_aksum,object_bronze,CO_OCCURS_WITH,1,S4,S4 line 10334,"No explicit relation verb found; same-sentence co-occurrence only. LOW CONFIDENCE, not a claimed relation."
place_adi_tsehafi,place_beta_giyorgis,CO_OCCURS_WITH,1,S4,S4 line 10584,"No explicit relation verb found; same-sentence co-occurrence only. LOW CONFIDENCE, not a claimed relation."
place_adi_tsehafi,place_h_site,CO_OCCURS_WITH,1,S4,S4 line 10584,"No explicit relation verb found; same-sentence co-occurrence only. LOW CONFIDENCE, not a claimed relation."
place_adi_tsehafi,place_d_site_kidane_mehret,CO_OCCURS_WITH,1,S4,S4 line 10584,"No explicit relation verb found; same-sentence co-occurrence only. LOW CONFIDENCE, not a claimed relation."
place_adi_tsehafi,place_k_site_maleke_aksum,CO_OCCURS_WITH,1,S4,S4 line 10584,"No explicit relation verb found; same-sentence co-occurrence only. LOW CONFIDENCE, not a claimed relation."
place_adi_tsehafi,place_dungur,CO_OCCURS_WITH,1,S4,S4 line 10584,"No explicit relation verb found; same-sentence co-occurrence only. LOW CONFIDENCE, not a claimed relation."
place_adi_tsehafi,feature_tomb_8,CO_OCCURS_WITH,1,S4,S4 line 10584,"No explicit relation verb found; same-sentence co-occurrence only. LOW CONFIDENCE, not a claimed relation."
place_adi_tsehafi,period_late_aksumite,CO_OCCURS_WITH,2,S4,S4 line 10584,"No explicit relation verb found; same-sentence co-occurrence only. LOW CONFIDENCE, not a claimed relation."
place_adi_tsehafi,period_early_aksumite,CO_OCCURS_WITH,1,S4,S4 line 10584,"No explicit relation verb found; same-sentence co-occurrence only. LOW CONFIDENCE, not a claimed relation."
place_adi_tsehafi,object_bronze,CO_OCCURS_WITH,1,S4,S4 line 10584,"No explicit relation verb found; same-sentence co-occurrence only. LOW CONFIDENCE, not a claimed relation."
place_adi_tsehafi,object_gold,CO_OCCURS_WITH,1,S4,S4 line 10584,"No explicit relation verb found; same-sentence co-occurrence only. LOW CONFIDENCE, not a claimed relation."
place_beta_giyorgis,place_h_site,CO_OCCURS_WITH,1,S4,S4 line 10584,"No explicit relation verb found; same-sentence co-occurrence only. LOW CONFIDENCE, not a claimed relation."
place_beta_giyorgis,feature_tomb_8,CO_OCCURS_WITH,1,S4,S4 line 10584,"No explicit relation verb found; same-sentence co-occurrence only. LOW CONFIDENCE, not a claimed relation."
place_beta_giyorgis,object_bronze,CO_OCCURS_WITH,1,S4,S4 line 10584,"No explicit relation verb found; same-sentence co-occurrence only. LOW CONFIDENCE, not a claimed relation."
place_gobedra,place_h_site,CO_OCCURS_WITH,1,S4,S4 line 10584,"No explicit relation verb found; same-sentence co-occurrence only. LOW CONFIDENCE, not a claimed relation."
place_gobedra,place_d_site_kidane_mehret,CO_OCCURS_WITH,1,S4,S4 line 10584,"No explicit relation verb found; same-sentence co-occurrence only. LOW CONFIDENCE, not a claimed relation."
place_gobedra,place_dungur,CO_OCCURS_WITH,1,S4,S4 line 10584,"No explicit relation verb found; same-sentence co-occurrence only. LOW CONFIDENCE, not a claimed relation."
place_gobedra,feature_tomb_8,CO_OCCURS_WITH,1,S4,S4 line 10584,"No explicit relation verb found; same-sentence co-occurrence only. LOW CONFIDENCE, not a claimed relation."
place_gobedra,person_king_ezana,CO_OCCURS_WITH,1,S4,S4 line 10584,"No explicit relation verb found; same-sentence co-occurrence only. LOW CONFIDENCE, not a claimed relation."
place_gobedra,period_late_aksumite,CO_OCCURS_WITH,3,S4,S4 line 10584,"No explicit relation verb found; same-sentence co-occurrence only. LOW CONFIDENCE, not a claimed relation."
place_gobedra,period_early_aksumite,CO_OCCURS_WITH,1,S4,S4 line 10584,"No explicit relation verb found; same-sentence co-occurrence only. LOW CONFIDENCE, not a claimed relation."
place_gobedra,object_beads,CO_OCCURS_WITH,3,S4,S4 line 10584,"No explicit relation verb found; same-sentence co-occurrence only. LOW CONFIDENCE, not a claimed relation."
place_gobedra,object_glass,CO_OCCURS_WITH,2,S4,S4 line 10584,"No explicit relation verb found; same-sentence co-occurrence only. LOW CONFIDENCE, not a claimed relation."
place_gobedra,object_bronze,CO_OCCURS_WITH,1,S4,S4 line 10584,"No explicit relation verb found; same-sentence co-occurrence only. LOW CONFIDENCE, not a claimed relation."
place_gudit_stelae_field,place_h_site,CO_OCCURS_WITH,1,S4,S4 line 10584,"No explicit relation verb found; same-sentence co-occurrence only. LOW CONFIDENCE, not a claimed relation."
place_gudit_stelae_field,place_dungur,CO_OCCURS_WITH,1,S4,S4 line 10584,"No explicit relation verb found; same-sentence co-occurrence only. LOW CONFIDENCE, not a claimed relation."
place_gudit_stelae_field,feature_tomb_8,CO_OCCURS_WITH,1,S4,S4 line 10584,"No explicit relation verb found; same-sentence co-occurrence only. LOW CONFIDENCE, not a claimed relation."
place_gudit_stelae_field,person_king_ezana,CO_OCCURS_WITH,1,S4,S4 line 10584,"No explicit relation verb found; same-sentence co-occurrence only. LOW CONFIDENCE, not a claimed relation."
place_gudit_stelae_field,object_beads,CO_OCCURS_WITH,1,S4,S4 line 10584,"No explicit relation verb found; same-sentence co-occurrence only. LOW CONFIDENCE, not a claimed relation."
place_gudit_stelae_field,object_glass,CO_OCCURS_WITH,1,S4,S4 line 10584,"No explicit relation verb found; same-sentence co-occurrence only. LOW CONFIDENCE, not a claimed relation."
place_gudit_stelae_field,object_bronze,CO_OCCURS_WITH,1,S4,S4 line 10584,"No explicit relation verb found; same-sentence co-occurrence only. LOW CONFIDENCE, not a claimed relation."
place_gudit_stelae_field,object_gold,CO_OCCURS_WITH,1,S4,S4 line 10584,"No explicit relation verb found; same-sentence co-occurrence only. LOW CONFIDENCE, not a claimed relation."
place_gudit_stelae_field,object_coins,CO_OCCURS_WITH,1,S4,S4 line 10584,"No explicit relation verb found; same-sentence co-occurrence only. LOW CONFIDENCE, not a claimed relation."
place_h_site,place_d_site_kidane_mehret,CO_OCCURS_WITH,1,S4,S4 line 10584,"No explicit relation verb found; same-sentence co-occurrence only. LOW CONFIDENCE, not a claimed relation."
place_h_site,place_aksum,CO_OCCURS_WITH,1,S4,S4 line 10584,"No explicit relation verb found; same-sentence co-occurrence only. LOW CONFIDENCE, not a claimed relation."
place_h_site,place_k_site_maleke_aksum,CO_OCCURS_WITH,1,S4,S4 line 10584,"No explicit relation verb found; same-sentence co-occurrence only. LOW CONFIDENCE, not a claimed relation."
place_h_site,place_dungur,CO_OCCURS_WITH,1,S4,S4 line 10584,"No explicit relation verb found; same-sentence co-occurrence only. LOW CONFIDENCE, not a claimed relation."
place_h_site,feature_tomb_8,CO_OCCURS_WITH,1,S4,S4 line 10584,"No explicit relation verb found; same-sentence co-occurrence only. LOW CONFIDENCE, not a claimed relation."
place_h_site,person_king_ezana,CO_OCCURS_WITH,1,S4,S4 line 10584,"No explicit relation verb found; same-sentence co-occurrence only. LOW CONFIDENCE, not a claimed relation."
place_h_site,period_classical_aksumite,CO_OCCURS_WITH,1,S4,S4 line 10584,"No explicit relation verb found; same-sentence co-occurrence only. LOW CONFIDENCE, not a claimed relation."
place_h_site,period_late_aksumite,CO_OCCURS_WITH,1,S4,S4 line 10584,"No explicit relation verb found; same-sentence co-occurrence only. LOW CONFIDENCE, not a claimed relation."
place_h_site,period_early_aksumite,CO_OCCURS_WITH,1,S4,S4 line 10584,"No explicit relation verb found; same-sentence co-occurrence only. LOW CONFIDENCE, not a claimed relation."
place_h_site,object_ivory,CO_OCCURS_WITH,1,S4,S4 line 10584,"No explicit relation verb found; same-sentence co-occurrence only. LOW CONFIDENCE, not a claimed relation."
place_h_site,object_beads,CO_OCCURS_WITH,1,S4,S4 line 10584,"No explicit relation verb found; same-sentence co-occurrence only. LOW CONFIDENCE, not a claimed relation."
place_h_site,object_glass,CO_OCCURS_WITH,1,S4,S4 line 10584,"No explicit relation verb found; same-sentence co-occurrence only. LOW CONFIDENCE, not a claimed relation."
place_h_site,object_bronze,CO_OCCURS_WITH,1,S4,S4 line 10584,"No explicit relation verb found; same-sentence co-occurrence only. LOW CONFIDENCE, not a claimed relation."
place_h_site,object_gold,CO_OCCURS_WITH,1,S4,S4 line 10584,"No explicit relation verb found; same-sentence co-occurrence only. LOW CONFIDENCE, not a claimed relation."
place_h_site,object_stelae,CO_OCCURS_WITH,1,S4,S4 line 10584,"No explicit relation verb found; same-sentence co-occurrence only. LOW CONFIDENCE, not a claimed relation."
place_h_site,object_coins,CO_OCCURS_WITH,1,S4,S4 line 10584,"No explicit relation verb found; same-sentence co-occurrence only. LOW CONFIDENCE, not a claimed relation."
place_h_site,object_inscription,CO_OCCURS_WITH,1,S4,S4 line 10584,"No explicit relation verb found; same-sentence co-occurrence only. LOW CONFIDENCE, not a claimed relation."
place_d_site_kidane_mehret,feature_tomb_8,CO_OCCURS_WITH,1,S4,S4 line 10584,"No explicit relation verb found; same-sentence co-occurrence only. LOW CONFIDENCE, not a claimed relation."
place_d_site_kidane_mehret,object_bronze,CO_OCCURS_WITH,1,S4,S4 line 10584,"No explicit relation verb found; same-sentence co-occurrence only. LOW CONFIDENCE, not a claimed relation."
place_aksum,feature_tomb_8,CO_OCCURS_WITH,1,S4,S4 line 10584,"No explicit relation verb found; same-sentence co-occurrence only. LOW CONFIDENCE, not a claimed relation."
place_k_site_maleke_aksum,place_dungur,CO_OCCURS_WITH,1,S4,S4 line 10584,"No explicit relation verb found; same-sentence co-occurrence only. LOW CONFIDENCE, not a claimed relation."
place_k_site_maleke_aksum,feature_tomb_8,CO_OCCURS_WITH,1,S4,S4 line 10584,"No explicit relation verb found; same-sentence co-occurrence only. LOW CONFIDENCE, not a claimed relation."
place_k_site_maleke_aksum,person_king_ezana,CO_OCCURS_WITH,1,S4,S4 line 10584,"No explicit relation verb found; same-sentence co-occurrence only. LOW CONFIDENCE, not a claimed relation."
place_k_site_maleke_aksum,object_bronze,CO_OCCURS_WITH,1,S4,S4 line 10584,"No explicit relation verb found; same-sentence co-occurrence only. LOW CONFIDENCE, not a claimed relation."
place_dungur,feature_tomb_8,CO_OCCURS_WITH,1,S4,S4 line 10584,"No explicit relation verb found; same-sentence co-occurrence only. LOW CONFIDENCE, not a claimed relation."
place_dungur,person_king_ezana,CO_OCCURS_WITH,1,S4,S4 line 10584,"No explicit relation verb found; same-sentence co-occurrence only. LOW CONFIDENCE, not a claimed relation."
place_dungur,period_early_aksumite,CO_OCCURS_WITH,1,S4,S4 line 10584,"No explicit relation verb found; same-sentence co-occurrence only. LOW CONFIDENCE, not a claimed relation."
place_dungur,object_ivory,CO_OCCURS_WITH,1,S4,S4 line 10584,"No explicit relation verb found; same-sentence co-occurrence only. LOW CONFIDENCE, not a claimed relation."
place_dungur,object_bronze,CO_OCCURS_WITH,1,S4,S4 line 10584,"No explicit relation verb found; same-sentence co-occurrence only. LOW CONFIDENCE, not a claimed relation."
place_dungur,object_gold,CO_OCCURS_WITH,1,S4,S4 line 10584,"No explicit relation verb found; same-sentence co-occurrence only. LOW CONFIDENCE, not a claimed relation."
place_dungur,object_inscription,CO_OCCURS_WITH,1,S4,S4 line 10584,"No explicit relation verb found; same-sentence co-occurrence only. LOW CONFIDENCE, not a claimed relation."
feature_tomb_8,person_king_ezana,CO_OCCURS_WITH,1,S4,S4 line 10584,"No explicit relation verb found; same-sentence co-occurrence only. LOW CONFIDENCE, not a claimed relation."
feature_tomb_8,period_classical_aksumite,CO_OCCURS_WITH,1,S4,S4 line 10584,"No explicit relation verb found; same-sentence co-occurrence only. LOW CONFIDENCE, not a claimed relation."
feature_tomb_8,period_late_aksumite,CO_OCCURS_WITH,1,S4,S4 line 10584,"No explicit relation verb found; same-sentence co-occurrence only. LOW CONFIDENCE, not a claimed relation."
feature_tomb_8,period_early_aksumite,CO_OCCURS_WITH,1,S4,S4 line 10584,"No explicit relation verb found; same-sentence co-occurrence only. LOW CONFIDENCE, not a claimed relation."
feature_tomb_8,object_ivory,CO_OCCURS_WITH,1,S4,S4 line 10584,"No explicit relation verb found; same-sentence co-occurrence only. LOW CONFIDENCE, not a claimed relation."
feature_tomb_8,object_beads,CO_OCCURS_WITH,1,S4,S4 line 10584,"No explicit relation verb found; same-sentence co-occurrence only. LOW CONFIDENCE, not a claimed relation."
feature_tomb_8,object_glass,CO_OCCURS_WITH,1,S4,S4 line 10584,"No explicit relation verb found; same-sentence co-occurrence only. LOW CONFIDENCE, not a claimed relation."
feature_tomb_8,object_bronze,CO_OCCURS_WITH,1,S4,S4 line 10584,"No explicit relation verb found; same-sentence co-occurrence only. LOW CONFIDENCE, not a claimed relation."
feature_tomb_8,object_gold,CO_OCCURS_WITH,1,S4,S4 line 10584,"No explicit relation verb found; same-sentence co-occurrence only. LOW CONFIDENCE, not a claimed relation."
feature_tomb_8,object_stelae,CO_OCCURS_WITH,1,S4,S4 line 10584,"No explicit relation verb found; same-sentence co-occurrence only. LOW CONFIDENCE, not a claimed relation."
feature_tomb_8,object_coins,CO_OCCURS_WITH,1,S4,S4 line 10584,"No explicit relation verb found; same-sentence co-occurrence only. LOW CONFIDENCE, not a claimed relation."
feature_tomb_8,object_inscription,CO_OCCURS_WITH,1,S4,S4 line 10584,"No explicit relation verb found; same-sentence co-occurrence only. LOW CONFIDENCE, not a claimed relation."
person_king_ezana,period_classical_aksumite,CO_OCCURS_WITH,1,S4,S4 line 10584,"No explicit relation verb found; same-sentence co-occurrence only. LOW CONFIDENCE, not a claimed relation."
person_king_ezana,period_early_aksumite,CO_OCCURS_WITH,1,S4,S4 line 10584,"No explicit relation verb found; same-sentence co-occurrence only. LOW CONFIDENCE, not a claimed relation."
period_classical_aksumite,period_early_aksumite,CO_OCCURS_WITH,1,S4,S4 line 10584,"No explicit relation verb found; same-sentence co-occurrence only. LOW CONFIDENCE, not a claimed relation."
period_classical_aksumite,object_bronze,CO_OCCURS_WITH,1,S4,S4 line 10584,"No explicit relation verb found; same-sentence co-occurrence only. LOW CONFIDENCE, not a claimed relation."
period_classical_aksumite,object_gold,CO_OCCURS_WITH,1,S4,S4 line 10584,"No explicit relation verb found; same-sentence co-occurrence only. LOW CONFIDENCE, not a claimed relation."
period_late_aksumite,period_early_aksumite,CO_OCCURS_WITH,1,S4,S4 line 10584,"No explicit relation verb found; same-sentence co-occurrence only. LOW CONFIDENCE, not a claimed relation."
period_late_aksumite,object_bronze,CO_OCCURS_WITH,1,S4,S4 line 10584,"No explicit relation verb found; same-sentence co-occurrence only. LOW CONFIDENCE, not a claimed relation."
period_early_aksumite,object_beads,CO_OCCURS_WITH,1,S4,S4 line 10584,"No explicit relation verb found; same-sentence co-occurrence only. LOW CONFIDENCE, not a claimed relation."
period_early_aksumite,object_glass,CO_OCCURS_WITH,1,S4,S4 line 10584,"No explicit relation verb found; same-sentence co-occurrence only. LOW CONFIDENCE, not a claimed relation."
period_early_aksumite,object_bronze,CO_OCCURS_WITH,1,S4,S4 line 10584,"No explicit relation verb found; same-sentence co-occurrence only. LOW CONFIDENCE, not a claimed relation."
period_early_aksumite,object_gold,CO_OCCURS_WITH,1,S4,S4 line 10584,"No explicit relation verb found; same-sentence co-occurrence only. LOW CONFIDENCE, not a claimed relation."
period_early_aksumite,object_inscription,CO_OCCURS_WITH,1,S4,S4 line 10584,"No explicit relation verb found; same-sentence co-occurrence only. LOW CONFIDENCE, not a claimed relation."
object_ivory,object_beads,CO_OCCURS_WITH,1,S4,S4 line 10584,"No explicit relation verb found; same-sentence co-occurrence only. LOW CONFIDENCE, not a claimed relation."
object_ivory,object_bronze,CO_OCCURS_WITH,1,S4,S4 line 10584,"No explicit relation verb found; same-sentence co-occurrence only. LOW CONFIDENCE, not a claimed relation."
object_beads,object_bronze,CO_OCCURS_WITH,1,S4,S4 line 10584,"No explicit relation verb found; same-sentence co-occurrence only. LOW CONFIDENCE, not a claimed relation."
object_glass,object_bronze,CO_OCCURS_WITH,1,S4,S4 line 10584,"No explicit relation verb found; same-sentence co-occurrence only. LOW CONFIDENCE, not a claimed relation."
object_bronze,object_gold,CO_OCCURS_WITH,2,S4,S4 line 10584,"No explicit relation verb found; same-sentence co-occurrence only. LOW CONFIDENCE, not a claimed relation."
object_bronze,object_stelae,CO_OCCURS_WITH,1,S4,S4 line 10584,"No explicit relation verb found; same-sentence co-occurrence only. LOW CONFIDENCE, not a claimed relation."
object_bronze,object_coins,CO_OCCURS_WITH,1,S4,S4 line 10584,"No explicit relation verb found; same-sentence co-occurrence only. LOW CONFIDENCE, not a claimed relation."
object_bronze,object_inscription,CO_OCCURS_WITH,1,S4,S4 line 10584,"No explicit relation verb found; same-sentence co-occurrence only. LOW CONFIDENCE, not a claimed relation."
object_gold,object_stelae,CO_OCCURS_WITH,1,S4,S4 line 10584,"No explicit relation verb found; same-sentence co-occurrence only. LOW CONFIDENCE, not a claimed relation."
place_aksum,place_l_site,CO_OCCURS_WITH,1,S4,S4 line 10631,"No explicit relation verb found; same-sentence co-occurrence only. LOW CONFIDENCE, not a claimed relation."
place_aksum,place_x_site,CO_OCCURS_WITH,1,S4,S4 line 10631,"No explicit relation verb found; same-sentence co-occurrence only. LOW CONFIDENCE, not a claimed relation."
place_p_site,place_mausoleum,CO_OCCURS_WITH,1,S4,S4 line 10631,"No explicit relation verb found; same-sentence co-occurrence only. LOW CONFIDENCE, not a claimed relation."
place_p_site,place_tomb_of_the_brick_arches,CO_OCCURS_WITH,1,S4,S4 line 10631,"No explicit relation verb found; same-sentence co-occurrence only. LOW CONFIDENCE, not a claimed relation."
place_p_site,place_tombs_of_kaleb_and_gabra_maskal,CO_OCCURS_WITH,1,S4,S4 line 10631,"No explicit relation verb found; same-sentence co-occurrence only. LOW CONFIDENCE, not a claimed relation."
place_p_site,place_x_site,CO_OCCURS_WITH,1,S4,S4 line 10631,"No explicit relation verb found; same-sentence co-occurrence only. LOW CONFIDENCE, not a claimed relation."
place_p_site,period_aksumite,CO_OCCURS_WITH,1,S4,S4 line 10631,"No explicit relation verb found; same-sentence co-occurrence only. LOW CONFIDENCE, not a claimed relation."
place_p_site,period_pre_aksumite,CO_OCCURS_WITH,1,S4,S4 line 10631,"No explicit relation verb found; same-sentence co-occurrence only. LOW CONFIDENCE, not a claimed relation."
place_p_site,object_pottery,CO_OCCURS_WITH,1,S4,S4 line 10631,"No explicit relation verb found; same-sentence co-occurrence only. LOW CONFIDENCE, not a claimed relation."
place_p_site,object_silver,CO_OCCURS_WITH,1,S4,S4 line 10631,"No explicit relation verb found; same-sentence co-occurrence only. LOW CONFIDENCE, not a claimed relation."
place_l_site,place_tomb_of_the_brick_arches,CO_OCCURS_WITH,1,S4,S4 line 10631,"No explicit relation verb found; same-sentence co-occurrence only. LOW CONFIDENCE, not a claimed relation."
place_l_site,place_x_site,CO_OCCURS_WITH,1,S4,S4 line 10631,"No explicit relation verb found; same-sentence co-occurrence only. LOW CONFIDENCE, not a claimed relation."
place_l_site,period_pre_aksumite,CO_OCCURS_WITH,1,S4,S4 line 10631,"No explicit relation verb found; same-sentence co-occurrence only. LOW CONFIDENCE, not a claimed relation."
place_l_site,object_silver,CO_OCCURS_WITH,1,S4,S4 line 10631,"No explicit relation verb found; same-sentence co-occurrence only. LOW CONFIDENCE, not a claimed relation."
place_mausoleum,place_mestaha_werki,CO_OCCURS_WITH,1,S4,S4 line 10631,"No explicit relation verb found; same-sentence co-occurrence only. LOW CONFIDENCE, not a claimed relation."
place_mausoleum,place_tomb_of_bazen,CO_OCCURS_WITH,1,S4,S4 line 10631,"No explicit relation verb found; same-sentence co-occurrence only. LOW CONFIDENCE, not a claimed relation."
place_mausoleum,place_tombs_of_kaleb_and_gabra_maskal,CO_OCCURS_WITH,1,S4,S4 line 10631,"No explicit relation verb found; same-sentence co-occurrence only. LOW CONFIDENCE, not a claimed relation."
place_mausoleum,place_x_site,CO_OCCURS_WITH,1,S4,S4 line 10631,"No explicit relation verb found; same-sentence co-occurrence only. LOW CONFIDENCE, not a claimed relation."
place_mausoleum,object_silver,CO_OCCURS_WITH,1,S4,S4 line 10631,"No explicit relation verb found; same-sentence co-occurrence only. LOW CONFIDENCE, not a claimed relation."
place_mestaha_werki,place_tomb_of_the_brick_arches,CO_OCCURS_WITH,1,S4,S4 line 10631,"No explicit relation verb found; same-sentence co-occurrence only. LOW CONFIDENCE, not a claimed relation."
place_mestaha_werki,place_x_site,CO_OCCURS_WITH,1,S4,S4 line 10631,"No explicit relation verb found; same-sentence co-occurrence only. LOW CONFIDENCE, not a claimed relation."
place_mestaha_werki,period_pre_aksumite,CO_OCCURS_WITH,1,S4,S4 line 10631,"No explicit relation verb found; same-sentence co-occurrence only. LOW CONFIDENCE, not a claimed relation."
place_mestaha_werki,object_silver,CO_OCCURS_WITH,1,S4,S4 line 10631,"No explicit relation verb found; same-sentence co-occurrence only. LOW CONFIDENCE, not a claimed relation."
place_tomb_of_bazen,place_tomb_of_the_brick_arches,CO_OCCURS_WITH,2,S4,S4 line 10631,"No explicit relation verb found; same-sentence co-occurrence only. LOW CONFIDENCE, not a claimed relation."
place_tomb_of_bazen,place_x_site,CO_OCCURS_WITH,1,S4,S4 line 10631,"No explicit relation verb found; same-sentence co-occurrence only. LOW CONFIDENCE, not a claimed relation."
place_tomb_of_bazen,period_pre_aksumite,CO_OCCURS_WITH,1,S4,S4 line 10631,"No explicit relation verb found; same-sentence co-occurrence only. LOW CONFIDENCE, not a claimed relation."
place_tomb_of_bazen,object_silver,CO_OCCURS_WITH,1,S4,S4 line 10631,"No explicit relation verb found; same-sentence co-occurrence only. LOW CONFIDENCE, not a claimed relation."
place_tomb_of_the_brick_arches,place_x_site,CO_OCCURS_WITH,1,S4,S4 line 10631,"No explicit relation verb found; same-sentence co-occurrence only. LOW CONFIDENCE, not a claimed relation."
place_tomb_of_the_brick_arches,object_silver,CO_OCCURS_WITH,1,S4,S4 line 10631,"No explicit relation verb found; same-sentence co-occurrence only. LOW CONFIDENCE, not a claimed relation."
place_tomb_of_the_false_door,place_x_site,CO_OCCURS_WITH,1,S4,S4 line 10631,"No explicit relation verb found; same-sentence co-occurrence only. LOW CONFIDENCE, not a claimed relation."
place_tomb_of_the_false_door,period_pre_aksumite,CO_OCCURS_WITH,1,S4,S4 line 10631,"No explicit relation verb found; same-sentence co-occurrence only. LOW CONFIDENCE, not a claimed relation."
place_tomb_of_the_false_door,object_silver,CO_OCCURS_WITH,1,S4,S4 line 10631,"No explicit relation verb found; same-sentence co-occurrence only. LOW CONFIDENCE, not a claimed relation."
place_tombs_of_kaleb_and_gabra_maskal,place_x_site,CO_OCCURS_WITH,1,S4,S4 line 10631,"No explicit relation verb found; same-sentence co-occurrence only. LOW CONFIDENCE, not a claimed relation."
place_tombs_of_kaleb_and_gabra_maskal,period_pre_aksumite,CO_OCCURS_WITH,1,S4,S4 line 10631,"No explicit relation verb found; same-sentence co-occurrence only. LOW CONFIDENCE, not a claimed relation."
place_tombs_of_kaleb_and_gabra_maskal,object_silver,CO_OCCURS_WITH,1,S4,S4 line 10631,"No explicit relation verb found; same-sentence co-occurrence only. LOW CONFIDENCE, not a claimed relation."
place_x_site,person_king_kaleb,CO_OCCURS_WITH,1,S4,S4 line 10631,"No explicit relation verb found; same-sentence co-occurrence only. LOW CONFIDENCE, not a claimed relation."
place_x_site,period_aksumite,CO_OCCURS_WITH,1,S4,S4 line 10631,"No explicit relation verb found; same-sentence co-occurrence only. LOW CONFIDENCE, not a claimed relation."
place_x_site,period_pre_aksumite,CO_OCCURS_WITH,1,S4,S4 line 10631,"No explicit relation verb found; same-sentence co-occurrence only. LOW CONFIDENCE, not a claimed relation."
place_x_site,object_pottery,CO_OCCURS_WITH,1,S4,S4 line 10631,"No explicit relation verb found; same-sentence co-occurrence only. LOW CONFIDENCE, not a claimed relation."
place_x_site,object_silver,CO_OCCURS_WITH,1,S4,S4 line 10631,"No explicit relation verb found; same-sentence co-occurrence only. LOW CONFIDENCE, not a claimed relation."
place_x_site,object_stelae,CO_OCCURS_WITH,1,S4,S4 line 10631,"No explicit relation verb found; same-sentence co-occurrence only. LOW CONFIDENCE, not a claimed relation."
place_x_site,object_ivory,CO_OCCURS_WITH,1,S4,S4 line 10631,"No explicit relation verb found; same-sentence co-occurrence only. LOW CONFIDENCE, not a claimed relation."
person_king_kaleb,period_pre_aksumite,CO_OCCURS_WITH,2,S4,S4 line 10631,"No explicit relation verb found; same-sentence co-occurrence only. LOW CONFIDENCE, not a claimed relation."
object_silver,object_stelae,CO_OCCURS_WITH,1,S4,S4 line 10631,"No explicit relation verb found; same-sentence co-occurrence only. LOW CONFIDENCE, not a claimed relation."
